ligand,assay,neg_ln_ec50
Resiniferatoxin,calcium,19.66
Resiniferatoxin,calcium,25.23
Resiniferatoxin,calcium,23.24
Capsaicin,calcium,18.44
Capsaicin,calcium,17.03
Capsaicin,calcium,17.17
Capsaicin,calcium,15.71
Capsaicin,calcium,14.45
Capsaicin,calcium,17.06
Capsaicin,calcium,19.24
Capsaicin,calcium,17.09
Nonivamide,calcium,16.52
Nonivamide,calcium,13.48
Shogaol,calcium,14.38
Piperine,calcium,11.60
Gingerol,calcium,12.94
Resiniferatoxin,patch_clamp,19.11
Capsaicin,patch_clamp,16.12
Capsaicin,patch_clamp,15.05
Capsaicin,patch_clamp,16.35
Capsaicin,patch_clamp,15.48
Capsaicin,patch_clamp,15.14
Capsaicin,patch_clamp,15.24
Capsaicin,patch_clamp,15.71
Shogaol,patch_clamp,15.43
Piperine,patch_clamp,10.18
Gingerol,patch_clamp,15.02
