ligand,model1_boltzmann,model2_boltzmann,model3_boltzmann,model4_boltzmann,ensemble_score
Capsaicin,,-6.106193293753751,,-5.791553705182067,-2.409837509714597
Dihydrocapsaicin,,-5.863291772492083,,-5.613847489452583,-2.3174591294890146
Gingerol,,-5.7684306398356595,,-5.341256462899256,-2.2679446544572164
Homocapsaicin,,-6.035831960531064,,-5.850026737854974,-2.390349529742765
Homodihydrocapsaicin,,-5.808493016123346,,-5.661832978117555,-2.302443249834169
Nonivamide,,-5.592998184107862,,-5.394241353450381,-2.213217549440284
Nordihydrocapsaicin,,-5.885933655868367,,-5.431432854368401,-2.3129109855903436
Piperine,,-6.293808595925575,,,-2.089099062411907
Resiniferatoxin,,-6.676435863139441,,-6.4766330609793075,-2.6444241161279005
Shogaol,,-5.760579668442466,,-5.467617227716007,-2.2736953177362693
Tinyatoxin,,-7.028868493962937,,-6.881335765879013,-2.788171057076605
