model,ligand,seed,score,chain,cosine,orientation
TRPV1_model2,Capsaicin,100001,-5.957,B,0.37621306677600314,head-up
TRPV1_model2,Capsaicin,100002,-5.498,B,0.1718707445367121,head-up
TRPV1_model2,Capsaicin,100003,-6.121,B,-0.2965031026863617,head-down
TRPV1_model2,Capsaicin,100004,-6.115,B,-0.2874179415191766,head-down
TRPV1_model2,Capsaicin,100005,-6.297,B,-0.15503001844656472,head-down
TRPV1_model2,Capsaicin,100006,-6.055,B,-0.4015971018377881,head-down
TRPV1_model2,Capsaicin,100007,-5.713,B,-0.8113910181091547,head-down
TRPV1_model2,Capsaicin,100008,-5.969,B,-0.1554837956300456,head-down
TRPV1_model2,Capsaicin,100009,-6.172,B,-0.36511680803342916,head-down
TRPV1_model2,Capsaicin,100010,-6.094,B,-0.05149136163629241,head-down
TRPV1_model2,Capsaicin,100011,-6.052,B,-0.04710492374898454,head-down
TRPV1_model2,Capsaicin,100012,-5.915,B,-0.25003787979821734,head-down
TRPV1_model2,Capsaicin,100013,-6.282,B,-0.3290212973919835,head-down
TRPV1_model2,Capsaicin,100016,-5.873,B,0.0021312862882309704,head-up
TRPV1_model2,Capsaicin,100017,-5.863,B,-0.14570410428535022,head-down
TRPV1_model2,Capsaicin,100018,-6.217,B,-0.22885282213605182,head-down
TRPV1_model2,Capsaicin,100019,-5.835,B,0.15058402085518693,head-up
TRPV1_model2,Capsaicin,100020,-5.067,B,0.9183877129948793,head-up
TRPV1_model2,Capsaicin,100021,-6.256,B,-0.18973173772123947,head-down
TRPV1_model2,Capsaicin,100023,-5.898,B,-0.45404840591511003,head-down
TRPV1_model2,Capsaicin,100024,-5.902,B,0.011654149549898418,head-up
TRPV1_model2,Capsaicin,100025,-5.869,B,-0.3254361532050994,head-down
TRPV1_model2,Capsaicin,100027,-6.012,B,-0.3516191109155253,head-down
TRPV1_model2,Capsaicin,100029,-5.705,B,-0.19069490055684093,head-down
TRPV1_model2,Capsaicin,100030,-6.061,B,-0.007964956776046115,head-down
TRPV1_model2,Capsaicin,100031,-6.035,B,0.037738671317950306,head-up
TRPV1_model2,Capsaicin,100032,-6.195,B,-0.3324891194889189,head-down
TRPV1_model2,Capsaicin,100033,-5.361,B,0.12373474232849023,head-up
TRPV1_model2,Capsaicin,100034,-6.107,B,0.3958824078924212,head-up
TRPV1_model2,Capsaicin,100035,-6.747,B,-0.1868606494535053,head-down
TRPV1_model2,Capsaicin,100036,-5.238,B,-0.23192908107896765,head-down
TRPV1_model2,Capsaicin,100037,-5.76,B,0.43507883655809493,head-up
TRPV1_model2,Capsaicin,100038,-6.171,B,0.08349968722972696,head-up
TRPV1_model2,Capsaicin,100039,-5.29,B,-0.21626238514401866,head-down
TRPV1_model2,Capsaicin,100041,-6.157,B,-0.3557535578725099,head-down
TRPV1_model2,Capsaicin,100043,-6.073,B,-0.5578816114477545,head-down
TRPV1_model2,Capsaicin,100045,-6.136,B,-0.3047740720297111,head-down
TRPV1_model2,Capsaicin,100046,-5.69,B,-0.2743357488463751,head-down
TRPV1_model2,Capsaicin,100047,-5.874,B,0.9261935158364089,head-up
TRPV1_model2,Capsaicin,100049,-5.913,B,-0.16765805315977367,head-down
TRPV1_model2,Capsaicin,100050,-5.616,B,-0.6130362405792831,head-down
TRPV1_model2,Capsaicin,100051,-6.479,B,-0.25275440329729193,head-down
TRPV1_model2,Capsaicin,100052,-6.175,B,-0.32845635453095373,head-down
TRPV1_model2,Capsaicin,100053,-6.285,B,-0.2460352060561478,head-down
TRPV1_model2,Capsaicin,100054,-6.259,B,-0.26074051387568514,head-down
TRPV1_model2,Capsaicin,100055,-6.064,B,-0.2575551306525394,head-down
TRPV1_model2,Capsaicin,100056,-6.092,B,-0.3539036906783047,head-down
TRPV1_model2,Capsaicin,100057,-5.946,B,0.3889552652341751,head-up
TRPV1_model2,Capsaicin,100058,-5.982,B,0.10363228849010608,head-up
TRPV1_model2,Capsaicin,100059,-6.214,B,0.4540084487493637,head-up
TRPV1_model2,Capsaicin,100060,-5.921,B,0.3641918033495868,head-up
TRPV1_model2,Capsaicin,100061,-5.912,B,0.018957255948640266,head-up
TRPV1_model2,Capsaicin,100062,-5.852,B,0.906389792648189,head-up
TRPV1_model2,Capsaicin,100064,-6.085,B,-0.18188028402481135,head-down
TRPV1_model2,Capsaicin,100065,-5.931,B,0.04069901615592466,head-up
TRPV1_model2,Capsaicin,100066,-6.1,B,-0.28308164581448597,head-down
TRPV1_model2,Capsaicin,100067,-6.16,B,0.3831434956106988,head-up
TRPV1_model2,Capsaicin,100068,-6.357,B,-0.17954843964378026,head-down
TRPV1_model2,Capsaicin,100069,-6.076,B,-0.23354152015218005,head-down
TRPV1_model2,Capsaicin,100070,-6.186,B,-0.204596113282987,head-down
TRPV1_model2,Capsaicin,100071,-6.391,B,-0.2581344105867451,head-down
TRPV1_model2,Capsaicin,100072,-5.622,B,-0.3110817167377208,head-down
TRPV1_model2,Capsaicin,100073,-6.432,B,-0.2389256601362834,head-down
TRPV1_model2,Capsaicin,100074,-5.746,B,-0.5195794939217713,head-down
TRPV1_model2,Capsaicin,100075,-6.252,B,-0.16574247627189898,head-down
TRPV1_model2,Capsaicin,100076,-6.581,B,-0.18432740142965462,head-down
TRPV1_model2,Capsaicin,100077,-6.021,B,-0.5335435261006517,head-down
TRPV1_model2,Capsaicin,100078,-5.786,B,-0.4424338934326808,head-down
TRPV1_model2,Capsaicin,100079,-6.062,B,-0.22439802601526504,head-down
TRPV1_model2,Capsaicin,100080,-6.503,B,-0.18489699955767552,head-down
TRPV1_model2,Capsaicin,100081,-5.674,B,-0.23060902983267598,head-down
TRPV1_model2,Capsaicin,100082,-5.419,B,0.3382770982575923,head-up
TRPV1_model2,Capsaicin,100084,-6.007,B,0.09047908772637947,head-up
TRPV1_model2,Capsaicin,100085,-6.002,B,-0.48574251069115015,head-down
TRPV1_model2,Capsaicin,100087,-5.785,B,-0.7228779286492706,head-down
TRPV1_model2,Capsaicin,100088,-5.797,B,-0.34465066124985,head-down
TRPV1_model2,Capsaicin,100090,-6.256,B,-0.25360009841079056,head-down
TRPV1_model2,Capsaicin,100091,-5.617,B,-0.5616704124774707,head-down
TRPV1_model2,Capsaicin,100092,-5.717,B,-0.5862920485538375,head-down
TRPV1_model2,Capsaicin,100093,-5.502,B,0.571487020281271,head-up
TRPV1_model2,Capsaicin,100094,-5.651,B,-0.04280733018166069,head-down
TRPV1_model2,Capsaicin,100097,-5.692,B,0.442004732329988,head-up
TRPV1_model2,Capsaicin,100098,-5.895,B,0.4292242989935649,head-up
TRPV1_model2,Capsaicin,100099,-5.965,B,-0.27458465181973385,head-down
TRPV1_model2,Capsaicin,100100,-6.146,B,-0.5238852121579215,head-down
TRPV1_model2,Dihydrocapsaicin,100001,-5.889,B,-0.1293465083409862,head-down
TRPV1_model2,Dihydrocapsaicin,100003,-5.91,B,0.2567729223764318,head-up
TRPV1_model2,Dihydrocapsaicin,100004,-5.997,B,0.40619755213454667,head-up
TRPV1_model2,Dihydrocapsaicin,100005,-5.947,B,0.19603583500473956,head-up
TRPV1_model2,Dihydrocapsaicin,100006,-6.109,B,-0.38213318737622076,head-down
TRPV1_model2,Dihydrocapsaicin,100007,-5.293,B,0.07331083957831355,head-up
TRPV1_model2,Dihydrocapsaicin,100008,-5.557,B,0.5234890037476598,head-up
TRPV1_model2,Dihydrocapsaicin,100009,-6.109,B,-0.47994957421211965,head-down
TRPV1_model2,Dihydrocapsaicin,100010,-6.023,B,-0.3216369476070748,head-down
TRPV1_model2,Dihydrocapsaicin,100011,-5.302,B,0.45609113767794723,head-up
TRPV1_model2,Dihydrocapsaicin,100012,-5.563,B,-0.4709025916674761,head-down
TRPV1_model2,Dihydrocapsaicin,100013,-6.225,B,-0.27419489295498317,head-down
TRPV1_model2,Dihydrocapsaicin,100014,-5.618,B,0.45111191595008054,head-up
TRPV1_model2,Dihydrocapsaicin,100016,-5.66,B,-0.48440449224672993,head-down
TRPV1_model2,Dihydrocapsaicin,100017,-5.632,B,0.28018393315469325,head-up
TRPV1_model2,Dihydrocapsaicin,100018,-5.536,B,0.17903830295372836,head-up
TRPV1_model2,Dihydrocapsaicin,100019,-5.043,B,-0.4668454072596051,head-down
TRPV1_model2,Dihydrocapsaicin,100022,-5.527,B,-0.31342110739863754,head-down
TRPV1_model2,Dihydrocapsaicin,100023,-5.703,B,0.9673579505418205,head-up
TRPV1_model2,Dihydrocapsaicin,100024,-5.316,B,0.37843574314127104,head-up
TRPV1_model2,Dihydrocapsaicin,100025,-5.449,B,0.2896955460881444,head-up
TRPV1_model2,Dihydrocapsaicin,100027,-5.449,B,0.4718165686054957,head-up
TRPV1_model2,Dihydrocapsaicin,100028,-5.926,B,-0.43388140914080814,head-down
TRPV1_model2,Dihydrocapsaicin,100029,-5.192,B,0.11445885328938707,head-up
TRPV1_model2,Dihydrocapsaicin,100031,-5.672,B,0.346527118289795,head-up
TRPV1_model2,Dihydrocapsaicin,100032,-5.656,B,0.5217982251694484,head-up
TRPV1_model2,Dihydrocapsaicin,100033,-5.489,B,-0.424704694235362,head-down
TRPV1_model2,Dihydrocapsaicin,100036,-5.558,B,0.3711054466704219,head-up
TRPV1_model2,Dihydrocapsaicin,100037,-5.401,B,0.0640841647733215,head-up
TRPV1_model2,Dihydrocapsaicin,100038,-5.896,B,-0.31678515419324516,head-down
TRPV1_model2,Dihydrocapsaicin,100039,-6.091,B,-0.2668772719045284,head-down
TRPV1_model2,Dihydrocapsaicin,100041,-5.638,B,0.3796709700308939,head-up
TRPV1_model2,Dihydrocapsaicin,100042,-5.82,B,0.3459983701571368,head-up
TRPV1_model2,Dihydrocapsaicin,100043,-5.954,B,-0.280674088025393,head-down
TRPV1_model2,Dihydrocapsaicin,100044,-5.873,B,-0.2542404639611201,head-down
TRPV1_model2,Dihydrocapsaicin,100045,-5.858,B,0.3672177253580276,head-up
TRPV1_model2,Dihydrocapsaicin,100046,-5.356,B,0.10178018551820077,head-up
TRPV1_model2,Dihydrocapsaicin,100047,-5.913,B,-0.4257154707263344,head-down
TRPV1_model2,Dihydrocapsaicin,100048,-6.291,B,0.4156646873938684,head-up
TRPV1_model2,Dihydrocapsaicin,100049,-5.312,B,-0.4256824658161123,head-down
TRPV1_model2,Dihydrocapsaicin,100050,-5.97,B,-0.22956498168169617,head-down
TRPV1_model2,Dihydrocapsaicin,100051,-6.037,B,-0.41987436063277306,head-down
TRPV1_model2,Dihydrocapsaicin,100052,-5.792,B,-0.5051737113537489,head-down
TRPV1_model2,Dihydrocapsaicin,100053,-5.623,B,0.4020933010677107,head-up
TRPV1_model2,Dihydrocapsaicin,100054,-5.918,B,0.5261643729074845,head-up
TRPV1_model2,Dihydrocapsaicin,100055,-5.778,B,-0.2317204098588221,head-down
TRPV1_model2,Dihydrocapsaicin,100056,-5.704,B,0.4132226677731808,head-up
TRPV1_model2,Dihydrocapsaicin,100058,-5.282,B,0.48784183617989774,head-up
TRPV1_model2,Dihydrocapsaicin,100059,-6.465,B,-0.41124603605733495,head-down
TRPV1_model2,Dihydrocapsaicin,100060,-5.782,B,-0.4365334762800357,head-down
TRPV1_model2,Dihydrocapsaicin,100061,-5.407,B,0.2059960036225191,head-up
TRPV1_model2,Dihydrocapsaicin,100063,-5.15,B,-0.1622214386235731,head-down
TRPV1_model2,Dihydrocapsaicin,100064,-5.873,B,0.44334812700553694,head-up
TRPV1_model2,Dihydrocapsaicin,100065,-6.121,B,-0.24776566486672663,head-down
TRPV1_model2,Dihydrocapsaicin,100067,-5.328,B,0.3404666149815358,head-up
TRPV1_model2,Dihydrocapsaicin,100068,-5.492,B,-0.5799727474650325,head-down
TRPV1_model2,Dihydrocapsaicin,100069,-5.888,B,0.497327086329658,head-up
TRPV1_model2,Dihydrocapsaicin,100070,-5.593,B,-0.21680637486725768,head-down
TRPV1_model2,Dihydrocapsaicin,100072,-5.69,B,-0.02357906873925405,head-down
TRPV1_model2,Dihydrocapsaicin,100074,-5.526,B,-0.5010576359522706,head-down
TRPV1_model2,Dihydrocapsaicin,100075,-5.807,B,-0.0748935918037599,head-down
TRPV1_model2,Dihydrocapsaicin,100076,-5.128,B,-0.6354918751923173,head-down
TRPV1_model2,Dihydrocapsaicin,100077,-6.014,B,-0.3503027807391621,head-down
TRPV1_model2,Dihydrocapsaicin,100078,-6.336,B,-0.29917980516125,head-down
TRPV1_model2,Dihydrocapsaicin,100079,-6.239,B,-0.18759818145259413,head-down
TRPV1_model2,Dihydrocapsaicin,100080,-5.905,B,0.45535859980560656,head-up
TRPV1_model2,Dihydrocapsaicin,100081,-4.927,B,0.06359302022564732,head-up
TRPV1_model2,Dihydrocapsaicin,100082,-5.747,B,0.4569705835623449,head-up
TRPV1_model2,Dihydrocapsaicin,100084,-5.71,B,0.06744454678940444,head-up
TRPV1_model2,Dihydrocapsaicin,100085,-5.651,B,-0.5023541794673936,head-down
TRPV1_model2,Dihydrocapsaicin,100086,-5.504,B,-0.6283468783081579,head-down
TRPV1_model2,Dihydrocapsaicin,100087,-5.9,B,-0.34747803363313823,head-down
TRPV1_model2,Dihydrocapsaicin,100088,-5.25,B,-0.01225582259876455,head-down
TRPV1_model2,Dihydrocapsaicin,100089,-5.538,B,-0.3665590597674924,head-down
TRPV1_model2,Dihydrocapsaicin,100091,-5.883,B,0.4659048804569315,head-up
TRPV1_model2,Dihydrocapsaicin,100093,-5.542,B,0.44929765846750847,head-up
TRPV1_model2,Dihydrocapsaicin,100094,-5.635,B,0.44773961009631347,head-up
TRPV1_model2,Dihydrocapsaicin,100095,-5.757,B,0.27787297040808107,head-up
TRPV1_model2,Dihydrocapsaicin,100098,-5.685,B,-0.3938225784265165,head-down
TRPV1_model2,Dihydrocapsaicin,100099,-6.253,B,-0.32410659744408366,head-down
TRPV1_model2,Gingerol,100001,-5.277,B,0.6206502556204168,head-up
TRPV1_model2,Gingerol,100002,-5.135,B,0.19858088357358405,head-up
TRPV1_model2,Gingerol,100003,-5.323,B,-0.5114469706958311,head-down
TRPV1_model2,Gingerol,100004,-5.871,B,-0.33980990033762654,head-down
TRPV1_model2,Gingerol,100005,-5.455,B,-0.4451008869261273,head-down
TRPV1_model2,Gingerol,100007,-5.691,B,-0.27943958241475203,head-down
TRPV1_model2,Gingerol,100008,-6.262,B,-0.400597910199612,head-down
TRPV1_model2,Gingerol,100009,-6.025,B,-0.3677849818207959,head-down
TRPV1_model2,Gingerol,100010,-5.725,B,-0.48616673894555745,head-down
TRPV1_model2,Gingerol,100011,-5.961,B,0.8339448401206131,head-up
TRPV1_model2,Gingerol,100012,-5.816,B,-0.5230939109240914,head-down
TRPV1_model2,Gingerol,100013,-5.861,B,-0.16076523943540363,head-down
TRPV1_model2,Gingerol,100014,-5.987,B,-0.26720111305164135,head-down
TRPV1_model2,Gingerol,100015,-5.71,B,0.22971859493163876,head-up
TRPV1_model2,Gingerol,100016,-5.894,B,-0.27539280000519034,head-down
TRPV1_model2,Gingerol,100017,-5.591,B,0.4368418619650709,head-up
TRPV1_model2,Gingerol,100018,-5.749,B,0.2647868427200098,head-up
TRPV1_model2,Gingerol,100019,-5.493,B,-0.40965027805254983,head-down
TRPV1_model2,Gingerol,100020,-5.612,B,-0.46151174796907124,head-down
TRPV1_model2,Gingerol,100021,-5.722,B,0.11740496099858413,head-up
TRPV1_model2,Gingerol,100022,-5.205,B,0.7598169788068665,head-up
TRPV1_model2,Gingerol,100023,-5.144,B,0.07124486206032112,head-up
TRPV1_model2,Gingerol,100024,-4.943,B,0.986281680051606,head-up
TRPV1_model2,Gingerol,100025,-5.367,B,0.10579295197396155,head-up
TRPV1_model2,Gingerol,100026,-5.737,B,-0.44925076579243983,head-down
TRPV1_model2,Gingerol,100028,-5.279,B,-0.525895918857775,head-down
TRPV1_model2,Gingerol,100029,-5.402,B,0.9917083691446108,head-up
TRPV1_model2,Gingerol,100030,-5.305,B,0.04974886326145455,head-up
TRPV1_model2,Gingerol,100031,-5.532,B,0.47438132880194467,head-up
TRPV1_model2,Gingerol,100032,-5.299,B,0.286774271395034,head-up
TRPV1_model2,Gingerol,100033,-6.085,B,-0.18962658137615185,head-down
TRPV1_model2,Gingerol,100034,-6.213,B,-0.402461264394607,head-down
TRPV1_model2,Gingerol,100035,-5.117,B,0.8989813421880013,head-up
TRPV1_model2,Gingerol,100037,-5.471,B,0.08111489507622162,head-up
TRPV1_model2,Gingerol,100038,-5.59,B,-0.13367713881172777,head-down
TRPV1_model2,Gingerol,100039,-6.193,B,-0.3315394860179814,head-down
TRPV1_model2,Gingerol,100040,-5.808,B,-0.19112088334800678,head-down
TRPV1_model2,Gingerol,100041,-5.317,B,-0.41334644403638254,head-down
TRPV1_model2,Gingerol,100042,-5.195,B,0.9496191141113224,head-up
TRPV1_model2,Gingerol,100043,-6.34,B,-0.2472957813978381,head-down
TRPV1_model2,Gingerol,100044,-5.471,B,-0.3919555433855477,head-down
TRPV1_model2,Gingerol,100045,-5.289,B,-0.4910910493304805,head-down
TRPV1_model2,Gingerol,100046,-5.778,B,0.13490477959567385,head-up
TRPV1_model2,Gingerol,100047,-6.324,B,-0.16749652422383549,head-down
TRPV1_model2,Gingerol,100048,-5.209,B,0.18544309446661053,head-up
TRPV1_model2,Gingerol,100049,-5.3,B,0.36245198076938384,head-up
TRPV1_model2,Gingerol,100050,-5.5,B,0.13999707519730764,head-up
TRPV1_model2,Gingerol,100051,-5.69,B,-0.22608943707091217,head-down
TRPV1_model2,Gingerol,100052,-4.892,B,-0.5943058828891721,head-down
TRPV1_model2,Gingerol,100053,-5.763,B,-0.1655082991467788,head-down
TRPV1_model2,Gingerol,100054,-5.492,B,-0.2219293699627977,head-down
TRPV1_model2,Gingerol,100055,-5.955,B,-0.18184962482992487,head-down
TRPV1_model2,Gingerol,100056,-5.446,B,-0.4417377180608865,head-down
TRPV1_model2,Gingerol,100057,-5.547,B,0.3719802486574239,head-up
TRPV1_model2,Gingerol,100058,-4.783,B,-0.28878874557959555,head-down
TRPV1_model2,Gingerol,100060,-5.214,B,-0.23537381352181277,head-down
TRPV1_model2,Gingerol,100061,-5.962,B,-0.25264572302585203,head-down
TRPV1_model2,Gingerol,100062,-5.873,B,-0.24476009612415278,head-down
TRPV1_model2,Gingerol,100063,-5.877,B,-0.16698226231528882,head-down
TRPV1_model2,Gingerol,100064,-5.007,B,0.19447171919590506,head-up
TRPV1_model2,Gingerol,100065,-5.847,B,-0.38828269634760354,head-down
TRPV1_model2,Gingerol,100066,-6.102,B,-0.2372604962323989,head-down
TRPV1_model2,Gingerol,100067,-5.529,B,-0.37218872694637595,head-down
TRPV1_model2,Gingerol,100068,-5.712,B,0.819237088588706,head-up
TRPV1_model2,Gingerol,100069,-5.825,B,-0.3019944625062915,head-down
TRPV1_model2,Gingerol,100070,-5.952,B,-0.2411088608351723,head-down
TRPV1_model2,Gingerol,100071,-5.807,B,0.8824900561895458,head-up
TRPV1_model2,Gingerol,100072,-5.858,B,0.21040730008007724,head-up
TRPV1_model2,Gingerol,100073,-5.648,B,-0.44080420810850907,head-down
TRPV1_model2,Gingerol,100074,-5.303,B,-0.3759199736595855,head-down
TRPV1_model2,Gingerol,100076,-5.162,B,0.5332469186406155,head-up
TRPV1_model2,Gingerol,100078,-5.647,B,-0.2775330480885452,head-down
TRPV1_model2,Gingerol,100079,-5.34,B,-0.32106024713648484,head-down
TRPV1_model2,Gingerol,100080,-5.543,B,-0.06448910201478648,head-down
TRPV1_model2,Gingerol,100082,-6.079,B,-0.19004266851321133,head-down
TRPV1_model2,Gingerol,100083,-4.899,B,0.36208016946654514,head-up
TRPV1_model2,Gingerol,100084,-5.643,B,-0.21324088101012875,head-down
TRPV1_model2,Gingerol,100085,-5.443,B,0.3383736834552836,head-up
TRPV1_model2,Gingerol,100086,-5.8,B,-0.275531496131504,head-down
TRPV1_model2,Gingerol,100087,-5.179,B,0.1342890769235372,head-up
TRPV1_model2,Gingerol,100088,-5.524,B,-0.4715000423826614,head-down
TRPV1_model2,Gingerol,100089,-5.463,B,-0.3767029197226574,head-down
TRPV1_model2,Gingerol,100090,-5.906,B,-0.4689321362125943,head-down
TRPV1_model2,Gingerol,100091,-5.693,B,-0.2675865998024114,head-down
TRPV1_model2,Gingerol,100092,-5.567,B,-0.3429592969210675,head-down
TRPV1_model2,Gingerol,100093,-5.306,B,-0.8774138748087565,head-down
TRPV1_model2,Gingerol,100094,-6.087,B,-0.15410650801675904,head-down
TRPV1_model2,Gingerol,100095,-4.799,B,0.9821859989442427,head-up
TRPV1_model2,Gingerol,100096,-5.182,B,0.9154774396300619,head-up
TRPV1_model2,Gingerol,100097,-4.99,B,0.4088923729497929,head-up
TRPV1_model2,Gingerol,100098,-5.385,B,0.9992920130751717,head-up
TRPV1_model2,Gingerol,100099,-5.682,B,-0.40214766349488146,head-down
TRPV1_model2,Gingerol,100100,-5.263,B,-0.8797932464454161,head-down
TRPV1_model2,Homocapsaicin,100001,-5.857,B,0.2739518601675845,head-up
TRPV1_model2,Homocapsaicin,100002,-5.952,B,-0.5176282399934374,head-down
TRPV1_model2,Homocapsaicin,100003,-6.146,B,0.8704527269030916,head-up
TRPV1_model2,Homocapsaicin,100004,-6.414,B,0.14969676433436713,head-up
TRPV1_model2,Homocapsaicin,100006,-5.434,B,0.05228524413965262,head-up
TRPV1_model2,Homocapsaicin,100007,-5.164,B,0.008896153794637181,head-up
TRPV1_model2,Homocapsaicin,100011,-5.854,B,-0.029940281240209702,head-down
TRPV1_model2,Homocapsaicin,100012,-5.302,B,-0.2794155274490716,head-down
TRPV1_model2,Homocapsaicin,100013,-5.828,B,0.4432058835126995,head-up
TRPV1_model2,Homocapsaicin,100021,-6.166,B,-0.15527451171855658,head-down
TRPV1_model2,Homocapsaicin,100023,-6.148,B,0.10446877141165295,head-up
TRPV1_model2,Homocapsaicin,100024,-6.125,B,-0.3191446288325187,head-down
TRPV1_model2,Homocapsaicin,100028,-6.36,B,-0.14503631798667807,head-down
TRPV1_model2,Homocapsaicin,100029,-5.803,B,-0.3063906220905256,head-down
TRPV1_model2,Homocapsaicin,100030,-5.225,B,-0.4160318968137488,head-down
TRPV1_model2,Homocapsaicin,100031,-5.747,B,0.7831074548813083,head-up
TRPV1_model2,Homocapsaicin,100034,-6.044,B,-0.470262664974434,head-down
TRPV1_model2,Homocapsaicin,100035,-6.146,B,0.6234446157977653,head-up
TRPV1_model2,Homocapsaicin,100036,-6.057,B,-0.24840037861508757,head-down
TRPV1_model2,Homocapsaicin,100037,-6.089,B,0.07627659907545753,head-up
TRPV1_model2,Homocapsaicin,100039,-6.041,B,0.1187463460954491,head-up
TRPV1_model2,Homocapsaicin,100040,-5.95,B,0.4249280325045395,head-up
TRPV1_model2,Homocapsaicin,100043,-6.034,B,0.3040530693026145,head-up
TRPV1_model2,Homocapsaicin,100044,-6.204,B,0.40815767100001626,head-up
TRPV1_model2,Homocapsaicin,100045,-5.998,B,-0.3500519267426315,head-down
TRPV1_model2,Homocapsaicin,100046,-6.267,B,-0.18349617443383082,head-down
TRPV1_model2,Homocapsaicin,100047,-5.835,B,0.04104408095665331,head-up
TRPV1_model2,Homocapsaicin,100049,-6.39,B,-0.2811062175984676,head-down
TRPV1_model2,Homocapsaicin,100050,-5.797,B,0.4056293968532141,head-up
TRPV1_model2,Homocapsaicin,100052,-5.849,B,-0.013581684718886797,head-down
TRPV1_model2,Homocapsaicin,100053,-5.272,B,-0.15852165545152871,head-down
TRPV1_model2,Homocapsaicin,100056,-5.341,B,0.49007337456861544,head-up
TRPV1_model2,Homocapsaicin,100057,-6.445,B,-0.14404455857997642,head-down
TRPV1_model2,Homocapsaicin,100058,-6.212,B,-0.3226611274764073,head-down
TRPV1_model2,Homocapsaicin,100059,-5.739,B,-0.6114202458729174,head-down
TRPV1_model2,Homocapsaicin,100061,-5.792,B,0.5320606661129511,head-up
TRPV1_model2,Homocapsaicin,100062,-5.557,B,0.43394835261930403,head-up
TRPV1_model2,Homocapsaicin,100064,-6.256,B,-0.2859722492831481,head-down
TRPV1_model2,Homocapsaicin,100066,-5.895,B,-0.18168076269691683,head-down
TRPV1_model2,Homocapsaicin,100067,-5.416,B,0.09965396189187947,head-up
TRPV1_model2,Homocapsaicin,100068,-6.536,B,-0.15190656536530556,head-down
TRPV1_model2,Homocapsaicin,100071,-6.15,B,0.4291457753953464,head-up
TRPV1_model2,Homocapsaicin,100072,-5.255,B,-0.4231282975407209,head-down
TRPV1_model2,Homocapsaicin,100073,-6.087,B,-0.2997588288901786,head-down
TRPV1_model2,Homocapsaicin,100075,-5.727,B,-0.3911752805135826,head-down
TRPV1_model2,Homocapsaicin,100076,-6.05,B,-0.45343825235202595,head-down
TRPV1_model2,Homocapsaicin,100077,-5.918,B,0.12876605497389132,head-up
TRPV1_model2,Homocapsaicin,100078,-5.964,B,-0.15934034356383306,head-down
TRPV1_model2,Homocapsaicin,100079,-5.595,B,-0.5258969419271872,head-down
TRPV1_model2,Homocapsaicin,100080,-5.851,B,-0.34403099659589925,head-down
TRPV1_model2,Homocapsaicin,100083,-5.859,B,0.5343716453059604,head-up
TRPV1_model2,Homocapsaicin,100085,-5.849,B,-0.0830246159462816,head-down
TRPV1_model2,Homocapsaicin,100087,-4.204,B,0.511788994025148,head-up
TRPV1_model2,Homocapsaicin,100088,-5.557,B,0.15374996619261708,head-up
TRPV1_model2,Homocapsaicin,100092,-5.874,B,-0.15676041843578403,head-down
TRPV1_model2,Homocapsaicin,100094,-5.258,B,0.10331494818130248,head-up
TRPV1_model2,Homocapsaicin,100095,-5.575,B,0.06954934296151881,head-up
TRPV1_model2,Homocapsaicin,100096,-5.561,B,-0.24809558088222927,head-down
TRPV1_model2,Homocapsaicin,100097,-6.237,B,-0.2646086868482597,head-down
TRPV1_model2,Homocapsaicin,100098,-6.094,B,0.4653030990206828,head-up
TRPV1_model2,Homocapsaicin,100099,-5.408,B,0.967039559037667,head-up
TRPV1_model2,Homocapsaicin,100100,-5.95,B,0.09761441752075117,head-up
TRPV1_model2,Homodihydrocapsaicin,100001,-5.442,B,0.3936423898780245,head-up
TRPV1_model2,Homodihydrocapsaicin,100002,-6.081,B,0.4409211259613226,head-up
TRPV1_model2,Homodihydrocapsaicin,100003,-5.593,B,0.33147953472185177,head-up
TRPV1_model2,Homodihydrocapsaicin,100007,-5.944,B,-0.31911799352019743,head-down
TRPV1_model2,Homodihydrocapsaicin,100008,-5.225,B,0.4807516735963665,head-up
TRPV1_model2,Homodihydrocapsaicin,100009,-5.87,B,-0.6013193723780423,head-down
TRPV1_model2,Homodihydrocapsaicin,100010,-5.725,B,-0.5232574138342888,head-down
TRPV1_model2,Homodihydrocapsaicin,100011,-5.447,B,-0.44879534360948065,head-down
TRPV1_model2,Homodihydrocapsaicin,100012,-5.848,B,-0.12639497100164768,head-down
TRPV1_model2,Homodihydrocapsaicin,100013,-5.718,B,-0.505276583815675,head-down
TRPV1_model2,Homodihydrocapsaicin,100014,-5.884,B,0.2109891869750032,head-up
TRPV1_model2,Homodihydrocapsaicin,100015,-5.176,B,0.40906363862677464,head-up
TRPV1_model2,Homodihydrocapsaicin,100016,-6.031,B,0.4012830735396749,head-up
TRPV1_model2,Homodihydrocapsaicin,100017,-5.828,B,-0.4589805022039366,head-down
TRPV1_model2,Homodihydrocapsaicin,100018,-5.299,B,-0.4794172245662872,head-down
TRPV1_model2,Homodihydrocapsaicin,100019,-5.687,B,-0.11938095759519504,head-down
TRPV1_model2,Homodihydrocapsaicin,100020,-5.186,B,-0.38163533300721897,head-down
TRPV1_model2,Homodihydrocapsaicin,100022,-5.237,B,-0.15454618275365334,head-down
TRPV1_model2,Homodihydrocapsaicin,100025,-6.354,B,-0.2745411498681261,head-down
TRPV1_model2,Homodihydrocapsaicin,100026,-5.632,B,0.2619010462414836,head-up
TRPV1_model2,Homodihydrocapsaicin,100027,-5.264,B,0.29187091635414547,head-up
TRPV1_model2,Homodihydrocapsaicin,100028,-6.167,B,-0.7368648780933515,head-down
TRPV1_model2,Homodihydrocapsaicin,100029,-5.636,B,-0.3032551408519309,head-down
TRPV1_model2,Homodihydrocapsaicin,100030,-5.743,B,-0.08384798544135362,head-down
TRPV1_model2,Homodihydrocapsaicin,100031,-6.06,B,-0.2900516991169515,head-down
TRPV1_model2,Homodihydrocapsaicin,100033,-5.568,B,-0.3870612617228535,head-down
TRPV1_model2,Homodihydrocapsaicin,100034,-5.639,B,-0.46205137095572046,head-down
TRPV1_model2,Homodihydrocapsaicin,100035,-5.527,B,0.4095741228284849,head-up
TRPV1_model2,Homodihydrocapsaicin,100036,-5.706,B,-0.12080850904662843,head-down
TRPV1_model2,Homodihydrocapsaicin,100037,-5.279,B,-0.04386241511542739,head-down
TRPV1_model2,Homodihydrocapsaicin,100038,-5.194,B,-0.5291264344714509,head-down
TRPV1_model2,Homodihydrocapsaicin,100039,-6.151,B,0.5027595700831121,head-up
TRPV1_model2,Homodihydrocapsaicin,100040,-5.575,B,-0.13797234024878352,head-down
TRPV1_model2,Homodihydrocapsaicin,100041,-6.179,B,-0.41469669255782293,head-down
TRPV1_model2,Homodihydrocapsaicin,100042,-4.802,B,-0.11616065724120153,head-down
TRPV1_model2,Homodihydrocapsaicin,100043,-5.172,B,-0.45645881395984095,head-down
TRPV1_model2,Homodihydrocapsaicin,100044,-4.842,B,-0.24616363496404864,head-down
TRPV1_model2,Homodihydrocapsaicin,100045,-5.546,B,-0.4936712277169887,head-down
TRPV1_model2,Homodihydrocapsaicin,100048,-5.765,B,-0.28473047960780923,head-down
TRPV1_model2,Homodihydrocapsaicin,100049,-5.887,B,0.40595607173539017,head-up
TRPV1_model2,Homodihydrocapsaicin,100050,-5.593,B,0.41759544907436447,head-up
TRPV1_model2,Homodihydrocapsaicin,100053,-5.348,B,-0.2958297537414996,head-down
TRPV1_model2,Homodihydrocapsaicin,100054,-5.71,B,0.04525447535472666,head-up
TRPV1_model2,Homodihydrocapsaicin,100057,-5.845,B,-0.30150414355749255,head-down
TRPV1_model2,Homodihydrocapsaicin,100058,-6.092,B,-0.4701943963978202,head-down
TRPV1_model2,Homodihydrocapsaicin,100059,-5.482,B,0.4740549759829218,head-up
TRPV1_model2,Homodihydrocapsaicin,100060,-6.085,B,-0.32592918446739305,head-down
TRPV1_model2,Homodihydrocapsaicin,100061,-4.968,B,0.08651716443269027,head-up
TRPV1_model2,Homodihydrocapsaicin,100062,-6.087,B,-0.29803811401963914,head-down
TRPV1_model2,Homodihydrocapsaicin,100063,-5.571,B,-0.5425040920595694,head-down
TRPV1_model2,Homodihydrocapsaicin,100064,-5.82,B,-0.1692888136172466,head-down
TRPV1_model2,Homodihydrocapsaicin,100065,-5.229,B,-0.31707898031815834,head-down
TRPV1_model2,Homodihydrocapsaicin,100066,-4.93,B,-0.09182386691246507,head-down
TRPV1_model2,Homodihydrocapsaicin,100067,-5.936,B,-0.3822427945969393,head-down
TRPV1_model2,Homodihydrocapsaicin,100070,-5.626,B,-0.5852971639657099,head-down
TRPV1_model2,Homodihydrocapsaicin,100071,-5.453,B,-0.5790055769353332,head-down
TRPV1_model2,Homodihydrocapsaicin,100072,-5.827,B,0.3276329798203991,head-up
TRPV1_model2,Homodihydrocapsaicin,100073,-4.792,B,-0.39245266992303873,head-down
TRPV1_model2,Homodihydrocapsaicin,100074,-5.864,B,0.31057059360832867,head-up
TRPV1_model2,Homodihydrocapsaicin,100075,-6.002,B,0.8126097244883195,head-up
TRPV1_model2,Homodihydrocapsaicin,100077,-5.77,B,0.5281921901179013,head-up
TRPV1_model2,Homodihydrocapsaicin,100079,-5.694,B,0.19562130396248242,head-up
TRPV1_model2,Homodihydrocapsaicin,100080,-5.806,B,-0.47708418722223334,head-down
TRPV1_model2,Homodihydrocapsaicin,100081,-5.085,B,-0.5567515970851465,head-down
TRPV1_model2,Homodihydrocapsaicin,100082,-5.814,B,-0.5396277767250672,head-down
TRPV1_model2,Homodihydrocapsaicin,100083,-5.649,B,-0.43013814539841194,head-down
TRPV1_model2,Homodihydrocapsaicin,100084,-5.833,B,0.030600286952415214,head-up
TRPV1_model2,Homodihydrocapsaicin,100085,-5.524,B,0.1812498891217196,head-up
TRPV1_model2,Homodihydrocapsaicin,100086,-5.959,B,0.07143698794749441,head-up
TRPV1_model2,Homodihydrocapsaicin,100087,-5.691,B,0.18028736499820858,head-up
TRPV1_model2,Homodihydrocapsaicin,100088,-6.066,B,0.616481650824975,head-up
TRPV1_model2,Homodihydrocapsaicin,100089,-6.014,B,-0.5056713223648126,head-down
TRPV1_model2,Homodihydrocapsaicin,100090,-5.59,B,-0.359402462635875,head-down
TRPV1_model2,Homodihydrocapsaicin,100091,-5.58,B,0.36621701273397383,head-up
TRPV1_model2,Homodihydrocapsaicin,100092,-6.289,B,-0.27584570482299836,head-down
TRPV1_model2,Homodihydrocapsaicin,100093,-5.669,B,-0.38833852248673717,head-down
TRPV1_model2,Homodihydrocapsaicin,100094,-5.888,B,-0.5578376277856893,head-down
TRPV1_model2,Homodihydrocapsaicin,100095,-5.436,B,0.9262195851148542,head-up
TRPV1_model2,Homodihydrocapsaicin,100096,-5.11,B,-0.39653894250893934,head-down
TRPV1_model2,Homodihydrocapsaicin,100097,-5.38,B,0.05765720023908717,head-up
TRPV1_model2,Homodihydrocapsaicin,100098,-5.149,B,-0.06776465844197307,head-down
TRPV1_model2,Homodihydrocapsaicin,100099,-5.578,B,-0.12220190439638422,head-down
TRPV1_model2,Homodihydrocapsaicin,100100,-5.741,B,-0.2752356774197412,head-down
TRPV1_model2,Nonivamide,100001,-5.278,B,-0.5212064807739566,head-down
TRPV1_model2,Nonivamide,100003,-5.273,B,-0.20180757638056296,head-down
TRPV1_model2,Nonivamide,100004,-5.006,B,0.46954751269012995,head-up
TRPV1_model2,Nonivamide,100005,-5.605,B,-0.2745088602513038,head-down
TRPV1_model2,Nonivamide,100006,-4.996,B,-0.6963946487995866,head-down
TRPV1_model2,Nonivamide,100007,-5.142,B,-0.35595072206902467,head-down
TRPV1_model2,Nonivamide,100008,-5.696,B,-0.16925531023444945,head-down
TRPV1_model2,Nonivamide,100009,-5.591,B,-0.2973965723554962,head-down
TRPV1_model2,Nonivamide,100011,-5.396,B,0.15644681798278567,head-up
TRPV1_model2,Nonivamide,100012,-5.438,B,-0.38241534968099683,head-down
TRPV1_model2,Nonivamide,100013,-5.527,B,-0.29450416643698774,head-down
TRPV1_model2,Nonivamide,100014,-5.774,B,-0.24706703353487589,head-down
TRPV1_model2,Nonivamide,100015,-5.319,B,-0.4621138527433243,head-down
TRPV1_model2,Nonivamide,100016,-5.47,B,-0.25099528473573124,head-down
TRPV1_model2,Nonivamide,100017,-5.669,B,-0.1895572288435037,head-down
TRPV1_model2,Nonivamide,100018,-5.373,B,-0.22590737897148716,head-down
TRPV1_model2,Nonivamide,100019,-5.801,B,-0.2980815471539856,head-down
TRPV1_model2,Nonivamide,100020,-5.627,B,0.43109167541476534,head-up
TRPV1_model2,Nonivamide,100021,-5.717,B,0.43881157918016717,head-up
TRPV1_model2,Nonivamide,100022,-5.541,B,0.06846729233118796,head-up
TRPV1_model2,Nonivamide,100023,-5.552,B,-0.39453444233003776,head-down
TRPV1_model2,Nonivamide,100024,-5.701,B,0.42785131952662975,head-up
TRPV1_model2,Nonivamide,100025,-5.38,B,0.48527513783027026,head-up
TRPV1_model2,Nonivamide,100026,-5.263,B,0.2794349397525255,head-up
TRPV1_model2,Nonivamide,100027,-5.571,B,-0.3346583317796687,head-down
TRPV1_model2,Nonivamide,100028,-5.3,B,-0.2675792124370798,head-down
TRPV1_model2,Nonivamide,100029,-5.29,B,-0.27439046657479643,head-down
TRPV1_model2,Nonivamide,100030,-5.615,B,-0.21283108216699903,head-down
TRPV1_model2,Nonivamide,100031,-5.564,B,0.014489022771538705,head-up
TRPV1_model2,Nonivamide,100032,-5.429,B,-0.20372878274111136,head-down
TRPV1_model2,Nonivamide,100033,-4.952,B,-0.3517743868395387,head-down
TRPV1_model2,Nonivamide,100034,-5.623,B,-0.5788820666703937,head-down
TRPV1_model2,Nonivamide,100035,-5.525,B,-0.6038825828836487,head-down
TRPV1_model2,Nonivamide,100036,-5.411,B,0.4068345610664221,head-up
TRPV1_model2,Nonivamide,100037,-5.909,B,-0.2721248498641176,head-down
TRPV1_model2,Nonivamide,100038,-5.369,B,-0.398403023781845,head-down
TRPV1_model2,Nonivamide,100039,-5.125,B,-0.9604230573954002,head-down
TRPV1_model2,Nonivamide,100040,-4.797,B,-0.3112984932157537,head-down
TRPV1_model2,Nonivamide,100041,-5.654,B,0.38953726816641987,head-up
TRPV1_model2,Nonivamide,100042,-5.685,B,0.42725308384935373,head-up
TRPV1_model2,Nonivamide,100043,-5.262,B,0.45461857605695366,head-up
TRPV1_model2,Nonivamide,100045,-5.034,B,0.4319563921552281,head-up
TRPV1_model2,Nonivamide,100048,-5.624,B,0.1640535121861996,head-up
TRPV1_model2,Nonivamide,100049,-4.887,B,0.5465457248552746,head-up
TRPV1_model2,Nonivamide,100052,-5.029,B,-0.06847014876158657,head-down
TRPV1_model2,Nonivamide,100053,-5.24,B,0.240120215522035,head-up
TRPV1_model2,Nonivamide,100054,-5.821,B,-0.3145304233367963,head-down
TRPV1_model2,Nonivamide,100055,-6.284,B,-0.3055639650475284,head-down
TRPV1_model2,Nonivamide,100056,-5.587,B,-0.23369590313089036,head-down
TRPV1_model2,Nonivamide,100057,-5.76,B,0.39017669627136276,head-up
TRPV1_model2,Nonivamide,100058,-5.102,B,-0.4799184587578736,head-down
TRPV1_model2,Nonivamide,100059,-4.907,B,0.7037869528083252,head-up
TRPV1_model2,Nonivamide,100061,-5.299,B,0.4101984488300772,head-up
TRPV1_model2,Nonivamide,100062,-5.677,B,-0.22974668398816714,head-down
TRPV1_model2,Nonivamide,100064,-5.911,B,-0.2071448402447298,head-down
TRPV1_model2,Nonivamide,100065,-5.52,B,0.4584691207664625,head-up
TRPV1_model2,Nonivamide,100066,-5.17,B,0.4130222442713736,head-up
TRPV1_model2,Nonivamide,100067,-5.734,B,-0.370723514733345,head-down
TRPV1_model2,Nonivamide,100068,-5.044,B,-0.3050010612806826,head-down
TRPV1_model2,Nonivamide,100070,-5.564,B,0.44180003867836987,head-up
TRPV1_model2,Nonivamide,100073,-5.539,B,-0.2501226363379761,head-down
TRPV1_model2,Nonivamide,100074,-5.593,B,0.7540627504474486,head-up
TRPV1_model2,Nonivamide,100075,-5.394,B,0.44938517286975455,head-up
TRPV1_model2,Nonivamide,100076,-5.548,B,0.6346452632827975,head-up
TRPV1_model2,Nonivamide,100077,-5.157,B,0.8873865571710612,head-up
TRPV1_model2,Nonivamide,100078,-5.845,B,-0.22140148767221252,head-down
TRPV1_model2,Nonivamide,100079,-5.506,B,-0.44432780728813825,head-down
TRPV1_model2,Nonivamide,100080,-5.917,B,-0.34555034846820815,head-down
TRPV1_model2,Nonivamide,100082,-5.429,B,0.44034939881807633,head-up
TRPV1_model2,Nonivamide,100083,-5.138,B,0.0996297308419818,head-up
TRPV1_model2,Nonivamide,100084,-5.81,B,-0.32912891103297726,head-down
TRPV1_model2,Nonivamide,100085,-5.547,B,-0.44242330049170536,head-down
TRPV1_model2,Nonivamide,100086,-5.346,B,-0.23028566795114935,head-down
TRPV1_model2,Nonivamide,100087,-5.947,B,-0.36837868137649515,head-down
TRPV1_model2,Nonivamide,100088,-5.426,B,-0.18832183086729998,head-down
TRPV1_model2,Nonivamide,100089,-5.209,B,0.20430503532033334,head-up
TRPV1_model2,Nonivamide,100090,-5.39,B,-0.4675312538984289,head-down
TRPV1_model2,Nonivamide,100091,-5.948,B,-0.278109587847114,head-down
TRPV1_model2,Nonivamide,100092,-5.438,B,-0.4059162701363971,head-down
TRPV1_model2,Nonivamide,100093,-5.434,B,0.3531050012257581,head-up
TRPV1_model2,Nonivamide,100094,-5.445,B,0.42600137070547733,head-up
TRPV1_model2,Nonivamide,100096,-5.576,B,-0.31481411893242506,head-down
TRPV1_model2,Nonivamide,100097,-5.833,B,-0.22522826176535665,head-down
TRPV1_model2,Nonivamide,100099,-4.913,B,-0.3926792416973861,head-down
TRPV1_model2,Nordihydrocapsaicin,100001,-5.806,B,-0.40522599015378247,head-down
TRPV1_model2,Nordihydrocapsaicin,100002,-5.44,B,0.2869768710586967,head-up
TRPV1_model2,Nordihydrocapsaicin,100003,-6.103,B,-0.19339594950306158,head-down
TRPV1_model2,Nordihydrocapsaicin,100004,-5.584,B,-0.33280648158672443,head-down
TRPV1_model2,Nordihydrocapsaicin,100005,-6.001,B,-0.3265149386328689,head-down
TRPV1_model2,Nordihydrocapsaicin,100007,-5.815,B,-0.34193948847339306,head-down
TRPV1_model2,Nordihydrocapsaicin,100008,-5.596,B,0.40301978293216234,head-up
TRPV1_model2,Nordihydrocapsaicin,100009,-6.004,B,-0.27262577751472356,head-down
TRPV1_model2,Nordihydrocapsaicin,100010,-5.741,B,-0.5678459497922996,head-down
TRPV1_model2,Nordihydrocapsaicin,100011,-5.876,B,-0.29743683445804453,head-down
TRPV1_model2,Nordihydrocapsaicin,100012,-5.859,B,-0.3780267871699915,head-down
TRPV1_model2,Nordihydrocapsaicin,100013,-5.846,B,-0.42698033277360314,head-down
TRPV1_model2,Nordihydrocapsaicin,100014,-5.289,B,-0.42761525199219125,head-down
TRPV1_model2,Nordihydrocapsaicin,100015,-6.041,B,-0.30485789268970287,head-down
TRPV1_model2,Nordihydrocapsaicin,100016,-5.864,B,-0.36366444929000163,head-down
TRPV1_model2,Nordihydrocapsaicin,100017,-4.691,B,-0.2704470509457956,head-down
TRPV1_model2,Nordihydrocapsaicin,100018,-5.712,B,-0.10439895497898587,head-down
TRPV1_model2,Nordihydrocapsaicin,100019,-5.866,B,-0.2534941183200517,head-down
TRPV1_model2,Nordihydrocapsaicin,100021,-5.908,B,-0.33860300776319285,head-down
TRPV1_model2,Nordihydrocapsaicin,100022,-5.68,B,0.448952314377676,head-up
TRPV1_model2,Nordihydrocapsaicin,100023,-6.111,B,-0.2804737017304291,head-down
TRPV1_model2,Nordihydrocapsaicin,100024,-5.689,B,-0.3588171179285571,head-down
TRPV1_model2,Nordihydrocapsaicin,100025,-6.313,B,-0.24930684809904516,head-down
TRPV1_model2,Nordihydrocapsaicin,100027,-5.646,B,-0.3132711687041078,head-down
TRPV1_model2,Nordihydrocapsaicin,100028,-5.979,B,-0.3409029763607607,head-down
TRPV1_model2,Nordihydrocapsaicin,100029,-5.635,B,0.39107335528800247,head-up
TRPV1_model2,Nordihydrocapsaicin,100030,-5.631,B,-0.46558203854032637,head-down
TRPV1_model2,Nordihydrocapsaicin,100031,-6.289,B,-0.2771186860574969,head-down
TRPV1_model2,Nordihydrocapsaicin,100032,-5.936,B,-0.30020212874977636,head-down
TRPV1_model2,Nordihydrocapsaicin,100033,-6.265,B,-0.21790845463189576,head-down
TRPV1_model2,Nordihydrocapsaicin,100034,-5.891,B,-0.2542251697021805,head-down
TRPV1_model2,Nordihydrocapsaicin,100035,-5.958,B,-0.2942882498342321,head-down
TRPV1_model2,Nordihydrocapsaicin,100036,-5.833,B,-0.2876596596741146,head-down
TRPV1_model2,Nordihydrocapsaicin,100037,-5.134,B,-0.5116729625999406,head-down
TRPV1_model2,Nordihydrocapsaicin,100039,-5.763,B,0.38088264647546943,head-up
TRPV1_model2,Nordihydrocapsaicin,100040,-5.628,B,-0.38667528083566705,head-down
TRPV1_model2,Nordihydrocapsaicin,100041,-5.978,B,-0.3416098327427091,head-down
TRPV1_model2,Nordihydrocapsaicin,100042,-4.964,B,-0.38527794215517963,head-down
TRPV1_model2,Nordihydrocapsaicin,100044,-5.338,B,-0.5684765142919914,head-down
TRPV1_model2,Nordihydrocapsaicin,100045,-6.165,B,-0.3696663775400787,head-down
TRPV1_model2,Nordihydrocapsaicin,100047,-5.467,B,-0.08097103438244843,head-down
TRPV1_model2,Nordihydrocapsaicin,100048,-5.583,B,-0.717029981214876,head-down
TRPV1_model2,Nordihydrocapsaicin,100049,-6.006,B,-0.1567769688251084,head-down
TRPV1_model2,Nordihydrocapsaicin,100050,-5.993,B,0.354109987525674,head-up
TRPV1_model2,Nordihydrocapsaicin,100052,-5.509,B,-0.5653362597708027,head-down
TRPV1_model2,Nordihydrocapsaicin,100053,-5.602,B,0.3935310915843298,head-up
TRPV1_model2,Nordihydrocapsaicin,100054,-6.002,B,-0.1506594729162159,head-down
TRPV1_model2,Nordihydrocapsaicin,100055,-5.903,B,0.33449403086579393,head-up
TRPV1_model2,Nordihydrocapsaicin,100056,-5.748,B,-0.36580372235185865,head-down
TRPV1_model2,Nordihydrocapsaicin,100057,-5.871,B,-0.3597578399195563,head-down
TRPV1_model2,Nordihydrocapsaicin,100058,-5.382,B,-0.5681670508951918,head-down
TRPV1_model2,Nordihydrocapsaicin,100059,-5.159,B,0.022878210473571046,head-up
TRPV1_model2,Nordihydrocapsaicin,100061,-5.487,B,-0.4037295394209536,head-down
TRPV1_model2,Nordihydrocapsaicin,100062,-5.594,B,-0.370499426834088,head-down
TRPV1_model2,Nordihydrocapsaicin,100063,-5.829,B,-0.36224842051356465,head-down
TRPV1_model2,Nordihydrocapsaicin,100064,-6.025,B,-0.2972602636133764,head-down
TRPV1_model2,Nordihydrocapsaicin,100065,-5.953,B,-0.38668452745006215,head-down
TRPV1_model2,Nordihydrocapsaicin,100067,-5.59,B,-0.4510319956052194,head-down
TRPV1_model2,Nordihydrocapsaicin,100069,-5.47,B,-0.6061505927564202,head-down
TRPV1_model2,Nordihydrocapsaicin,100070,-5.886,B,-0.39558128223143885,head-down
TRPV1_model2,Nordihydrocapsaicin,100071,-5.768,B,-0.2360572601584679,head-down
TRPV1_model2,Nordihydrocapsaicin,100072,-5.948,B,-0.22557378060764935,head-down
TRPV1_model2,Nordihydrocapsaicin,100073,-5.788,B,-0.4339133018052228,head-down
TRPV1_model2,Nordihydrocapsaicin,100074,-5.674,B,-0.3900178115798107,head-down
TRPV1_model2,Nordihydrocapsaicin,100075,-5.798,B,-0.29352706834147485,head-down
TRPV1_model2,Nordihydrocapsaicin,100076,-5.816,B,0.3771013560458709,head-up
TRPV1_model2,Nordihydrocapsaicin,100077,-5.113,B,-0.37252982571550797,head-down
TRPV1_model2,Nordihydrocapsaicin,100078,-5.672,B,-0.2517610870535235,head-down
TRPV1_model2,Nordihydrocapsaicin,100079,-5.435,B,-0.3106922530529514,head-down
TRPV1_model2,Nordihydrocapsaicin,100080,-5.993,B,-0.20871074234677695,head-down
TRPV1_model2,Nordihydrocapsaicin,100081,-5.207,B,-0.579669344561046,head-down
TRPV1_model2,Nordihydrocapsaicin,100082,-5.711,B,-0.394450003091465,head-down
TRPV1_model2,Nordihydrocapsaicin,100083,-5.841,B,-0.17140147501239955,head-down
TRPV1_model2,Nordihydrocapsaicin,100084,-6.103,B,-0.36975571787616623,head-down
TRPV1_model2,Nordihydrocapsaicin,100085,-5.826,B,0.39728820816649607,head-up
TRPV1_model2,Nordihydrocapsaicin,100086,-5.493,B,-0.4008281622732768,head-down
TRPV1_model2,Nordihydrocapsaicin,100087,-5.95,B,0.40159760200532885,head-up
TRPV1_model2,Nordihydrocapsaicin,100088,-5.642,B,-0.06841153635297745,head-down
TRPV1_model2,Nordihydrocapsaicin,100089,-5.812,B,-0.46370619098880217,head-down
TRPV1_model2,Nordihydrocapsaicin,100090,-5.845,B,0.024032644134793762,head-up
TRPV1_model2,Nordihydrocapsaicin,100091,-6.408,B,-0.33888636209394707,head-down
TRPV1_model2,Nordihydrocapsaicin,100092,-5.905,B,-0.3346823602702358,head-down
TRPV1_model2,Nordihydrocapsaicin,100093,-5.378,B,-0.4100792344825065,head-down
TRPV1_model2,Nordihydrocapsaicin,100094,-5.785,B,-0.31992416397880374,head-down
TRPV1_model2,Nordihydrocapsaicin,100095,-6.375,B,-0.35024170474518496,head-down
TRPV1_model2,Nordihydrocapsaicin,100096,-6.109,B,-0.3482245450714892,head-down
TRPV1_model2,Nordihydrocapsaicin,100097,-5.582,B,-0.37716005588821955,head-down
TRPV1_model2,Nordihydrocapsaicin,100098,-5.789,B,-0.2840036528688596,head-down
TRPV1_model2,Nordihydrocapsaicin,100099,-5.782,B,0.43840485474372787,head-up
TRPV1_model2,Nordihydrocapsaicin,100100,-5.792,B,-0.3480371982995864,head-down
TRPV1_model2,Piperine,100006,-6.216,B,-0.11197608063450648,head-down
TRPV1_model2,Piperine,100016,-6.298,B,-0.15027864293121698,head-down
TRPV1_model2,Piperine,100035,-6.42,B,-0.11984409351906934,head-down
TRPV1_model2,Piperine,100037,-6.32,B,-0.0766998442094798,head-down
TRPV1_model2,Piperine,100055,-6.107,B,-0.031106293955479293,head-down
TRPV1_model2,Piperine,100056,-6.282,B,-0.17047719622627547,head-down
TRPV1_model2,Piperine,100069,-6.324,B,-0.044920347143880844,head-down
TRPV1_model2,Resiniferatoxin,100001,-5.884,B,0.30425590103832323,head-up
TRPV1_model2,Resiniferatoxin,100003,-6.32,B,0.0013489133354881754,head-up
TRPV1_model2,Resiniferatoxin,100008,-5.813,B,0.43471188763706914,head-up
TRPV1_model2,Resiniferatoxin,100009,-6.973,B,-0.04196820102684112,head-down
TRPV1_model2,Resiniferatoxin,100011,-6.851,B,0.2506249169094156,head-up
TRPV1_model2,Resiniferatoxin,100013,-6.577,B,-0.4578336748683503,head-down
TRPV1_model2,Resiniferatoxin,100014,-7.217,B,0.09780633301852636,head-up
TRPV1_model2,Resiniferatoxin,100021,-5.843,B,0.011108675433791383,head-up
TRPV1_model2,Resiniferatoxin,100022,-6.677,B,-0.15179020590448994,head-down
TRPV1_model2,Resiniferatoxin,100024,-6.487,B,-0.12445086045935234,head-down
TRPV1_model2,Resiniferatoxin,100026,-6.385,B,-0.27805142061725197,head-down
TRPV1_model2,Resiniferatoxin,100027,-6.49,B,0.14078262361141258,head-up
TRPV1_model2,Resiniferatoxin,100031,-7.118,B,-0.05432255426009487,head-down
TRPV1_model2,Resiniferatoxin,100033,-6.764,B,0.11782669922075392,head-up
TRPV1_model2,Resiniferatoxin,100035,-6.343,B,-0.020130871290618392,head-down
TRPV1_model2,Resiniferatoxin,100036,-5.071,B,0.19529613460571488,head-up
TRPV1_model2,Resiniferatoxin,100037,-6.928,B,-0.008492811102881932,head-down
TRPV1_model2,Resiniferatoxin,100042,-6.75,B,-0.6548980485227587,head-down
TRPV1_model2,Resiniferatoxin,100048,-5.275,B,0.006265792353239257,head-up
TRPV1_model2,Resiniferatoxin,100050,-5.961,B,-0.012763439194535011,head-down
TRPV1_model2,Resiniferatoxin,100054,-6.184,B,0.4134828479613619,head-up
TRPV1_model2,Resiniferatoxin,100056,-5.893,B,0.13745545533738646,head-up
TRPV1_model2,Resiniferatoxin,100061,-5.85,B,0.9031654108982261,head-up
TRPV1_model2,Resiniferatoxin,100062,-5.57,B,-0.3261106134804213,head-down
TRPV1_model2,Resiniferatoxin,100064,-6.326,B,0.09057044281607698,head-up
TRPV1_model2,Resiniferatoxin,100065,-6.442,B,-0.008404566393225668,head-down
TRPV1_model2,Resiniferatoxin,100066,-6.458,B,-0.012983168859292531,head-down
TRPV1_model2,Resiniferatoxin,100069,-6.619,B,-0.03414411315882795,head-down
TRPV1_model2,Resiniferatoxin,100070,-6.104,B,-0.3511742838135774,head-down
TRPV1_model2,Resiniferatoxin,100071,-6.534,B,0.09943380371454634,head-up
TRPV1_model2,Resiniferatoxin,100076,-5.885,B,-0.012515734209319531,head-down
TRPV1_model2,Resiniferatoxin,100079,-6.74,B,-0.09575756705052485,head-down
TRPV1_model2,Resiniferatoxin,100082,-6.181,B,-0.6743190710427409,head-down
TRPV1_model2,Resiniferatoxin,100084,-7.214,B,-0.20977950975521534,head-down
TRPV1_model2,Resiniferatoxin,100085,-5.846,B,0.07500984832905447,head-up
TRPV1_model2,Resiniferatoxin,100097,-5.417,B,-0.024832078709276992,head-down
TRPV1_model2,Resiniferatoxin,100098,-6.453,B,-0.6088910432205026,head-down
TRPV1_model2,Resiniferatoxin,100099,-6.63,B,-0.01593365034229589,head-down
TRPV1_model2,Shogaol,100002,-5.154,B,0.9239413062799607,head-up
TRPV1_model2,Shogaol,100004,-5.832,B,-0.4698757406064538,head-down
TRPV1_model2,Shogaol,100005,-5.783,B,-0.16596329151722897,head-down
TRPV1_model2,Shogaol,100006,-6.2,B,-0.1264358466737274,head-down
TRPV1_model2,Shogaol,100007,-5.726,B,-0.4133358566398157,head-down
TRPV1_model2,Shogaol,100008,-5.248,B,-0.43391301494047263,head-down
TRPV1_model2,Shogaol,100009,-5.207,B,0.4861227516121699,head-up
TRPV1_model2,Shogaol,100010,-5.594,B,-0.4590542729073295,head-down
TRPV1_model2,Shogaol,100011,-5.366,B,0.34547681564366683,head-up
TRPV1_model2,Shogaol,100012,-5.886,B,-0.21890119825539991,head-down
TRPV1_model2,Shogaol,100014,-5.239,B,0.027634071454197176,head-up
TRPV1_model2,Shogaol,100015,-5.556,B,0.9121998077813235,head-up
TRPV1_model2,Shogaol,100017,-5.573,B,-0.348305836726089,head-down
TRPV1_model2,Shogaol,100018,-5.432,B,0.40206546833415807,head-up
TRPV1_model2,Shogaol,100019,-4.863,B,-0.01877959049807627,head-down
TRPV1_model2,Shogaol,100020,-5.615,B,-0.5264251142186477,head-down
TRPV1_model2,Shogaol,100021,-5.384,B,0.10029076462076877,head-up
TRPV1_model2,Shogaol,100022,-5.798,B,-0.3696411015199799,head-down
TRPV1_model2,Shogaol,100023,-6.218,B,-0.18663784734385286,head-down
TRPV1_model2,Shogaol,100025,-5.246,B,-0.5635186983586348,head-down
TRPV1_model2,Shogaol,100026,-5.574,B,-0.47325360472557815,head-down
TRPV1_model2,Shogaol,100028,-5.003,B,0.26838312611090415,head-up
TRPV1_model2,Shogaol,100031,-6.277,B,-0.19521960146238237,head-down
TRPV1_model2,Shogaol,100033,-5.539,B,-0.4611921305018203,head-down
TRPV1_model2,Shogaol,100034,-5.537,B,-0.49667441214772634,head-down
TRPV1_model2,Shogaol,100035,-5.518,B,0.9442722362626927,head-up
TRPV1_model2,Shogaol,100036,-5.611,B,-0.39244273132899277,head-down
TRPV1_model2,Shogaol,100037,-5.365,B,-0.3533622911240665,head-down
TRPV1_model2,Shogaol,100038,-5.695,B,-0.04346781430915222,head-down
TRPV1_model2,Shogaol,100039,-5.086,B,0.8725754712341053,head-up
TRPV1_model2,Shogaol,100040,-4.545,B,-0.6755504943444894,head-down
TRPV1_model2,Shogaol,100041,-5.283,B,0.567060654803626,head-up
TRPV1_model2,Shogaol,100042,-5.111,B,-0.0018902919213210144,head-down
TRPV1_model2,Shogaol,100043,-5.578,B,0.015804160493728066,head-up
TRPV1_model2,Shogaol,100044,-5.293,B,-0.5360297833361132,head-down
TRPV1_model2,Shogaol,100045,-5.847,B,0.12126369199016589,head-up
TRPV1_model2,Shogaol,100046,-5.61,B,-0.5517315580519531,head-down
TRPV1_model2,Shogaol,100047,-5.347,B,0.316309678908669,head-up
TRPV1_model2,Shogaol,100049,-6.242,B,-0.23856914433427195,head-down
TRPV1_model2,Shogaol,100050,-5.718,B,0.39644275798429757,head-up
TRPV1_model2,Shogaol,100052,-6.183,B,-0.21953284173441356,head-down
TRPV1_model2,Shogaol,100053,-5.349,B,0.03770383623909861,head-up
TRPV1_model2,Shogaol,100054,-5.627,B,-0.11208662171540186,head-down
TRPV1_model2,Shogaol,100056,-5.636,B,0.3744075251901962,head-up
TRPV1_model2,Shogaol,100057,-5.318,B,0.8999105939069438,head-up
TRPV1_model2,Shogaol,100058,-5.81,B,-0.41351931845817513,head-down
TRPV1_model2,Shogaol,100059,-4.736,B,-0.3976244144985415,head-down
TRPV1_model2,Shogaol,100061,-5.976,B,-0.21199683330943597,head-down
TRPV1_model2,Shogaol,100062,-6.172,B,-0.42683028552040875,head-down
TRPV1_model2,Shogaol,100063,-5.913,B,-0.19446344643934474,head-down
TRPV1_model2,Shogaol,100064,-5.355,B,0.000525916235229166,head-up
TRPV1_model2,Shogaol,100066,-5.749,B,-0.09421666905487226,head-down
TRPV1_model2,Shogaol,100067,-5.488,B,-0.5099619541245962,head-down
TRPV1_model2,Shogaol,100068,-5.779,B,0.9007856024542783,head-up
TRPV1_model2,Shogaol,100069,-5.088,B,0.31287245764500665,head-up
TRPV1_model2,Shogaol,100071,-5.781,B,0.03907512791937597,head-up
TRPV1_model2,Shogaol,100074,-5.271,B,-0.08135380880963589,head-down
TRPV1_model2,Shogaol,100075,-5.761,B,0.27131115052190463,head-up
TRPV1_model2,Shogaol,100076,-5.719,B,-0.32624697886821863,head-down
TRPV1_model2,Shogaol,100077,-5.657,B,-0.509522304893315,head-down
TRPV1_model2,Shogaol,100078,-5.685,B,-0.3633611032909831,head-down
TRPV1_model2,Shogaol,100080,-5.02,B,0.3852246016878687,head-up
TRPV1_model2,Shogaol,100081,-5.646,B,-0.5228340413035055,head-down
TRPV1_model2,Shogaol,100082,-5.448,B,-0.41039463011130656,head-down
TRPV1_model2,Shogaol,100083,-5.573,B,-0.5195567741159463,head-down
TRPV1_model2,Shogaol,100085,-5.093,B,0.48610168084806143,head-up
TRPV1_model2,Shogaol,100086,-4.847,B,-0.7047164697462782,head-down
TRPV1_model2,Shogaol,100087,-5.804,B,-0.42584476709206387,head-down
TRPV1_model2,Shogaol,100089,-5.397,B,-0.5412051249484059,head-down
TRPV1_model2,Shogaol,100090,-5.756,B,-0.36769497678919705,head-down
TRPV1_model2,Shogaol,100091,-5.292,B,-0.3841032940519195,head-down
TRPV1_model2,Shogaol,100092,-6.019,B,-0.37067851068590635,head-down
TRPV1_model2,Shogaol,100093,-5.495,B,0.2602683848030335,head-up
TRPV1_model2,Shogaol,100095,-5.759,B,-0.0214915163886506,head-down
TRPV1_model2,Shogaol,100096,-6.141,B,-0.3767626063513521,head-down
TRPV1_model2,Shogaol,100099,-6.26,B,-0.16142897321614919,head-down
TRPV1_model2,Shogaol,100100,-5.479,B,-0.387541039361842,head-down
TRPV1_model2,Tinyatoxin,100001,-7.0,B,0.061237097171558424,head-up
TRPV1_model2,Tinyatoxin,100002,-6.261,B,-0.08762577434323585,head-down
TRPV1_model2,Tinyatoxin,100004,-7.128,B,-0.43070808581650943,head-down
TRPV1_model2,Tinyatoxin,100005,-7.452,B,-0.09557155979134513,head-down
TRPV1_model2,Tinyatoxin,100006,-7.484,B,-0.7478294426134184,head-down
TRPV1_model2,Tinyatoxin,100007,-5.8,B,-0.06381529788514077,head-down
TRPV1_model2,Tinyatoxin,100008,-7.402,B,-0.059770725598603885,head-down
TRPV1_model2,Tinyatoxin,100009,-7.154,B,0.007322767635346688,head-up
TRPV1_model2,Tinyatoxin,100012,-6.845,B,-0.05004001007691479,head-down
TRPV1_model2,Tinyatoxin,100013,-6.89,B,-0.19854161280049265,head-down
TRPV1_model2,Tinyatoxin,100014,-7.187,B,-0.05781110728406523,head-down
TRPV1_model2,Tinyatoxin,100016,-6.927,B,0.05613722007815067,head-up
TRPV1_model2,Tinyatoxin,100017,-7.062,B,-0.07311771022157731,head-down
TRPV1_model2,Tinyatoxin,100018,-6.667,B,-0.1202052028903183,head-down
TRPV1_model2,Tinyatoxin,100019,-6.513,B,0.060354424101389574,head-up
TRPV1_model2,Tinyatoxin,100021,-7.152,B,-0.7455006614301237,head-down
TRPV1_model2,Tinyatoxin,100022,-7.163,B,0.33341949231721596,head-up
TRPV1_model2,Tinyatoxin,100023,-5.889,B,-0.1416569479710955,head-down
TRPV1_model2,Tinyatoxin,100024,-6.562,B,-0.12027804258294689,head-down
TRPV1_model2,Tinyatoxin,100025,-6.254,B,-0.8359808369484822,head-down
TRPV1_model2,Tinyatoxin,100029,-7.027,B,-0.09222514201742259,head-down
TRPV1_model2,Tinyatoxin,100033,-6.709,B,-0.13645304335537364,head-down
TRPV1_model2,Tinyatoxin,100034,-7.388,B,-0.1812244829221447,head-down
TRPV1_model2,Tinyatoxin,100036,-7.115,B,-0.47330654163527724,head-down
TRPV1_model2,Tinyatoxin,100039,-7.039,B,-0.06702230572367569,head-down
TRPV1_model2,Tinyatoxin,100040,-6.854,B,-0.059070780992347534,head-down
TRPV1_model2,Tinyatoxin,100046,-6.563,B,0.12342136800134612,head-up
TRPV1_model2,Tinyatoxin,100047,-6.698,B,-0.12348350630132601,head-down
TRPV1_model2,Tinyatoxin,100049,-7.241,B,-0.04820284423206648,head-down
TRPV1_model2,Tinyatoxin,100050,-6.624,B,-0.36001374594198815,head-down
TRPV1_model2,Tinyatoxin,100053,-7.145,B,-0.5181653549678968,head-down
TRPV1_model2,Tinyatoxin,100054,-6.716,B,-0.09851922216887055,head-down
TRPV1_model2,Tinyatoxin,100057,-5.738,B,-0.5515861020753876,head-down
TRPV1_model2,Tinyatoxin,100059,-6.303,B,0.09805718240136421,head-up
TRPV1_model2,Tinyatoxin,100063,-5.88,B,0.10228159775537406,head-up
TRPV1_model2,Tinyatoxin,100064,-6.439,B,-0.5759924461086356,head-down
TRPV1_model2,Tinyatoxin,100065,-6.548,B,-0.006006014483144027,head-down
TRPV1_model2,Tinyatoxin,100066,-6.913,B,-0.08795974689473675,head-down
TRPV1_model2,Tinyatoxin,100067,-6.958,B,-0.05014593107614331,head-down
TRPV1_model2,Tinyatoxin,100068,-7.5,B,-0.5272946071988867,head-down
TRPV1_model2,Tinyatoxin,100071,-5.932,B,-0.0896070311042315,head-down
TRPV1_model2,Tinyatoxin,100076,-6.49,B,-0.4254230135330027,head-down
TRPV1_model2,Tinyatoxin,100077,-7.247,B,0.1713101859015359,head-up
TRPV1_model2,Tinyatoxin,100081,-7.117,B,0.0313891834279618,head-up
TRPV1_model2,Tinyatoxin,100082,-6.925,B,-0.053621034153909064,head-down
TRPV1_model2,Tinyatoxin,100083,-6.81,B,-0.07464165493703877,head-down
TRPV1_model2,Tinyatoxin,100084,-6.382,B,-0.5640108857287612,head-down
TRPV1_model2,Tinyatoxin,100086,-6.363,B,-0.041094258528195274,head-down
TRPV1_model2,Tinyatoxin,100088,-6.593,B,-0.08993505224316205,head-down
TRPV1_model2,Tinyatoxin,100092,-6.877,B,-0.09793761970904553,head-down
TRPV1_model2,Tinyatoxin,100093,-6.461,B,-0.08104307463566006,head-down
TRPV1_model2,Tinyatoxin,100094,-7.209,B,-0.38938157924439953,head-down
TRPV1_model2,Tinyatoxin,100097,-6.161,B,-0.4214493245868085,head-down
TRPV1_model2,Tinyatoxin,100099,-6.702,B,0.3261094769138154,head-up
TRPV1_model4,Capsaicin,100007,-6.092,B,0.7927160853658343,head-up
TRPV1_model4,Capsaicin,100010,-5.597,B,-0.7288362439504923,head-down
TRPV1_model4,Capsaicin,100013,-5.344,B,0.00036830116336306285,head-up
TRPV1_model4,Capsaicin,100019,-6.262,B,-0.2305788648053989,head-down
TRPV1_model4,Capsaicin,100020,-5.563,B,0.8564839010692582,head-up
TRPV1_model4,Capsaicin,100021,-5.406,B,-0.032995425163511505,head-down
TRPV1_model4,Capsaicin,100025,-6.159,B,0.29577508884476084,head-up
TRPV1_model4,Capsaicin,100026,-5.987,B,-0.179422929871378,head-down
TRPV1_model4,Capsaicin,100028,-5.738,B,-0.03400052151578348,head-down
TRPV1_model4,Capsaicin,100047,-5.79,B,-0.05655083312701094,head-down
TRPV1_model4,Capsaicin,100050,-5.689,B,0.141937402347441,head-up
TRPV1_model4,Capsaicin,100052,-5.572,B,-0.19983985237740653,head-down
TRPV1_model4,Capsaicin,100053,-5.469,B,-0.5244462646047043,head-down
TRPV1_model4,Capsaicin,100056,-5.835,B,0.7835308127721425,head-up
TRPV1_model4,Capsaicin,100064,-5.267,B,0.8066175311057154,head-up
TRPV1_model4,Capsaicin,100065,-5.971,B,0.848867637992482,head-up
TRPV1_model4,Capsaicin,100071,-5.945,B,-0.14575170189283304,head-down
TRPV1_model4,Capsaicin,100074,-5.449,B,-0.3902580416487681,head-down
TRPV1_model4,Capsaicin,100076,-5.871,B,-0.2533878700136013,head-down
TRPV1_model4,Capsaicin,100077,-5.611,B,-0.26005706265548434,head-down
TRPV1_model4,Capsaicin,100079,-5.561,B,0.17092125237811537,head-up
TRPV1_model4,Capsaicin,100083,-5.495,B,0.8634613210078221,head-up
TRPV1_model4,Capsaicin,100085,-5.449,B,0.7746200845089151,head-up
TRPV1_model4,Capsaicin,100086,-5.776,B,-0.07340126132108314,head-down
TRPV1_model4,Capsaicin,100087,-5.093,B,0.3059965263702734,head-up
TRPV1_model4,Capsaicin,100089,-5.555,B,0.8652681972545919,head-up
TRPV1_model4,Capsaicin,100094,-5.178,B,0.7332800165693544,head-up
TRPV1_model4,Capsaicin,100096,-5.696,B,0.006313505904900333,head-up
TRPV1_model4,Dihydrocapsaicin,100003,-5.553,B,-0.2692480248206186,head-down
TRPV1_model4,Dihydrocapsaicin,100027,-4.858,B,0.5652692649519392,head-up
TRPV1_model4,Dihydrocapsaicin,100033,-5.686,B,0.4162762294423879,head-up
TRPV1_model4,Dihydrocapsaicin,100037,-5.224,B,0.491275004537644,head-up
TRPV1_model4,Dihydrocapsaicin,100040,-5.711,B,0.3431864851990498,head-up
TRPV1_model4,Dihydrocapsaicin,100045,-5.753,B,0.1744082045585859,head-up
TRPV1_model4,Dihydrocapsaicin,100049,-5.292,B,-0.20727954838327703,head-down
TRPV1_model4,Dihydrocapsaicin,100050,-5.751,B,-0.3802644656443188,head-down
TRPV1_model4,Dihydrocapsaicin,100053,-5.368,B,0.1067152544507354,head-up
TRPV1_model4,Dihydrocapsaicin,100063,-5.62,B,-0.5338503971491615,head-down
TRPV1_model4,Dihydrocapsaicin,100071,-4.458,B,0.42332821289209394,head-up
TRPV1_model4,Dihydrocapsaicin,100079,-5.966,B,0.878868672385413,head-up
TRPV1_model4,Dihydrocapsaicin,100086,-4.952,B,-0.33884785708195453,head-down
TRPV1_model4,Dihydrocapsaicin,100095,-5.798,B,-0.18419686441685207,head-down
TRPV1_model4,Dihydrocapsaicin,100100,-5.34,B,-0.1003930347124296,head-down
TRPV1_model4,Gingerol,100002,-5.544,B,-0.164443003721735,head-down
TRPV1_model4,Gingerol,100012,-5.157,B,0.7294497196029978,head-up
TRPV1_model4,Gingerol,100017,-5.299,B,-0.5762644358459347,head-down
TRPV1_model4,Gingerol,100023,-5.284,B,-0.5449498317677706,head-down
TRPV1_model4,Gingerol,100031,-4.95,B,-0.03796623567601704,head-down
TRPV1_model4,Gingerol,100036,-5.483,B,-0.22225397824244159,head-down
TRPV1_model4,Gingerol,100039,-5.334,B,0.32556319989654614,head-up
TRPV1_model4,Gingerol,100043,-5.368,B,-0.7741429050124995,head-down
TRPV1_model4,Gingerol,100059,-5.472,B,-0.9227576482581007,head-down
TRPV1_model4,Gingerol,100062,-5.217,B,-0.20430479423672948,head-down
TRPV1_model4,Gingerol,100073,-5.324,B,0.8166570615828143,head-up
TRPV1_model4,Gingerol,100082,-5.603,B,-0.6113720087398681,head-down
TRPV1_model4,Gingerol,100094,-4.602,B,-0.06847005717405547,head-down
TRPV1_model4,Gingerol,100095,-5.193,B,-0.2427169981134315,head-down
TRPV1_model4,Gingerol,100100,-5.131,B,0.7557717203108583,head-up
TRPV1_model4,Homocapsaicin,100002,-5.533,B,-0.34148472252899637,head-down
TRPV1_model4,Homocapsaicin,100005,-5.581,B,0.20293777644829705,head-up
TRPV1_model4,Homocapsaicin,100010,-5.145,B,-0.23276634325106965,head-down
TRPV1_model4,Homocapsaicin,100016,-6.116,B,-0.07077723093889314,head-down
TRPV1_model4,Homocapsaicin,100017,-5.696,B,0.4268688372674071,head-up
TRPV1_model4,Homocapsaicin,100020,-5.81,B,0.8440926021593759,head-up
TRPV1_model4,Homocapsaicin,100024,-5.634,B,0.8943758117818198,head-up
TRPV1_model4,Homocapsaicin,100026,-6.225,B,0.023758938908357424,head-up
TRPV1_model4,Homocapsaicin,100033,-4.934,B,-0.01513481418398812,head-down
TRPV1_model4,Homocapsaicin,100037,-5.724,B,-0.3615739895736744,head-down
TRPV1_model4,Homocapsaicin,100048,-5.789,B,0.24337903088296037,head-up
TRPV1_model4,Homocapsaicin,100055,-6.027,B,-0.003447322633110167,head-down
TRPV1_model4,Homocapsaicin,100058,-5.647,B,-0.4969501787449185,head-down
TRPV1_model4,Homocapsaicin,100060,-5.81,B,-0.8985543167006441,head-down
TRPV1_model4,Homocapsaicin,100065,-5.898,B,-0.6555402747401601,head-down
TRPV1_model4,Homocapsaicin,100067,-5.564,B,0.03851925884866016,head-up
TRPV1_model4,Homocapsaicin,100074,-6.116,B,-0.30877812022989654,head-down
TRPV1_model4,Homocapsaicin,100079,-5.895,B,-0.3214195091615085,head-down
TRPV1_model4,Homocapsaicin,100092,-5.045,B,-0.9464293880402302,head-down
TRPV1_model4,Homodihydrocapsaicin,100004,-5.645,B,-0.5601165899965656,head-down
TRPV1_model4,Homodihydrocapsaicin,100010,-5.674,B,-0.10056640332082972,head-down
TRPV1_model4,Homodihydrocapsaicin,100015,-5.398,B,0.3441971754307726,head-up
TRPV1_model4,Homodihydrocapsaicin,100018,-5.356,B,0.43236397427181045,head-up
TRPV1_model4,Homodihydrocapsaicin,100021,-5.363,B,-0.21353959248442897,head-down
TRPV1_model4,Homodihydrocapsaicin,100025,-5.891,B,0.6998608919044002,head-up
TRPV1_model4,Homodihydrocapsaicin,100042,-5.517,B,-0.9583477596655714,head-down
TRPV1_model4,Homodihydrocapsaicin,100044,-5.765,B,-0.07873011202835928,head-down
TRPV1_model4,Homodihydrocapsaicin,100048,-5.557,B,-0.4691958847820018,head-down
TRPV1_model4,Homodihydrocapsaicin,100051,-5.592,B,0.6275899130567001,head-up
TRPV1_model4,Homodihydrocapsaicin,100054,-5.218,B,0.24641527673962152,head-up
TRPV1_model4,Homodihydrocapsaicin,100066,-6.103,B,0.8517607558058097,head-up
TRPV1_model4,Homodihydrocapsaicin,100073,-5.631,B,-0.43975292244918834,head-down
TRPV1_model4,Homodihydrocapsaicin,100081,-5.009,B,-0.16770003449579862,head-down
TRPV1_model4,Homodihydrocapsaicin,100084,-5.782,B,-0.20449267920250774,head-down
TRPV1_model4,Homodihydrocapsaicin,100100,-5.185,B,0.35134053280139316,head-up
TRPV1_model4,Nonivamide,100016,-5.775,B,0.7570594541580993,head-up
TRPV1_model4,Nonivamide,100022,-5.202,B,-0.5544783548280586,head-down
TRPV1_model4,Nonivamide,100023,-5.162,B,-0.33103306448058667,head-down
TRPV1_model4,Nonivamide,100045,-5.06,B,-0.006668743974631268,head-down
TRPV1_model4,Nonivamide,100046,-5.298,B,-0.36951118379896786,head-down
TRPV1_model4,Nonivamide,100067,-5.365,B,-0.11572488109521142,head-down
TRPV1_model4,Nonivamide,100075,-5.561,B,0.3214618231120191,head-up
TRPV1_model4,Nonivamide,100078,-5.553,B,-0.5780685007360395,head-down
TRPV1_model4,Nonivamide,100084,-4.682,B,0.2990101634781484,head-up
TRPV1_model4,Nonivamide,100086,-5.287,B,0.2369618163350314,head-up
TRPV1_model4,Nonivamide,100089,-4.981,B,0.7926397294357379,head-up
TRPV1_model4,Nordihydrocapsaicin,100005,-5.758,B,-0.015371999564649234,head-down
TRPV1_model4,Nordihydrocapsaicin,100006,-5.187,B,0.017743856066053734,head-up
TRPV1_model4,Nordihydrocapsaicin,100009,-5.051,B,-0.7457721492581918,head-down
TRPV1_model4,Nordihydrocapsaicin,100012,-5.577,B,-0.22547763315901115,head-down
TRPV1_model4,Nordihydrocapsaicin,100020,-5.152,B,-0.04530545319327022,head-down
TRPV1_model4,Nordihydrocapsaicin,100027,-4.974,B,0.2835585140884511,head-up
TRPV1_model4,Nordihydrocapsaicin,100037,-5.174,B,0.656890142556616,head-up
TRPV1_model4,Nordihydrocapsaicin,100042,-4.945,B,-0.2131667284827583,head-down
TRPV1_model4,Nordihydrocapsaicin,100045,-5.287,B,0.0032844474231928716,head-up
TRPV1_model4,Nordihydrocapsaicin,100048,-5.245,B,-0.14904862853160833,head-down
TRPV1_model4,Nordihydrocapsaicin,100050,-5.564,B,-0.35615636318617694,head-down
TRPV1_model4,Nordihydrocapsaicin,100054,-5.618,B,-0.20556547308980666,head-down
TRPV1_model4,Nordihydrocapsaicin,100056,-5.576,B,-0.3325382239963708,head-down
TRPV1_model4,Nordihydrocapsaicin,100058,-5.325,B,0.10584466267104188,head-up
TRPV1_model4,Nordihydrocapsaicin,100061,-5.457,B,-0.4451149366099246,head-down
TRPV1_model4,Nordihydrocapsaicin,100062,-5.11,B,-0.07814783224186161,head-down
TRPV1_model4,Nordihydrocapsaicin,100063,-5.514,B,0.1267941569753305,head-up
TRPV1_model4,Nordihydrocapsaicin,100065,-5.246,B,-0.11145847923375021,head-down
TRPV1_model4,Nordihydrocapsaicin,100075,-5.368,B,-0.34283963670620865,head-down
TRPV1_model4,Nordihydrocapsaicin,100079,-5.481,B,-0.48109212073303,head-down
TRPV1_model4,Nordihydrocapsaicin,100084,-5.532,B,-0.32727822160621833,head-down
TRPV1_model4,Nordihydrocapsaicin,100086,-5.605,B,-0.008309059304036696,head-down
TRPV1_model4,Nordihydrocapsaicin,100095,-5.451,B,-0.023071750302398632,head-down
TRPV1_model4,Resiniferatoxin,100003,-6.169,B,0.19900136086638598,head-up
TRPV1_model4,Resiniferatoxin,100004,-5.591,B,0.2862326441483415,head-up
TRPV1_model4,Resiniferatoxin,100011,-5.277,B,-0.1603356864337503,head-down
TRPV1_model4,Resiniferatoxin,100015,-6.354,B,-0.14234265810609786,head-down
TRPV1_model4,Resiniferatoxin,100017,-5.989,B,-0.004505526891872674,head-down
TRPV1_model4,Resiniferatoxin,100022,-6.074,B,-0.2069206233677569,head-down
TRPV1_model4,Resiniferatoxin,100024,-6.653,B,-0.3193851448684193,head-down
TRPV1_model4,Resiniferatoxin,100025,-5.361,B,0.054190233008914276,head-up
TRPV1_model4,Resiniferatoxin,100031,-6.442,B,0.3802498339039132,head-up
TRPV1_model4,Resiniferatoxin,100032,-6.201,B,-0.28933034352434994,head-down
TRPV1_model4,Resiniferatoxin,100033,-6.025,B,-0.09652558465412561,head-down
TRPV1_model4,Resiniferatoxin,100034,-5.154,B,0.26956453602031255,head-up
TRPV1_model4,Resiniferatoxin,100040,-6.883,B,-0.07345066604752226,head-down
TRPV1_model4,Resiniferatoxin,100041,-5.263,B,0.19260887292192738,head-up
TRPV1_model4,Resiniferatoxin,100042,-4.712,B,0.031338215385153356,head-up
TRPV1_model4,Resiniferatoxin,100044,-6.346,B,-0.013456715553271522,head-down
TRPV1_model4,Resiniferatoxin,100052,-6.985,B,-0.13004901197221239,head-down
TRPV1_model4,Resiniferatoxin,100055,-5.634,B,0.19581725996383015,head-up
TRPV1_model4,Resiniferatoxin,100062,-6.699,B,-0.49300638044934225,head-down
TRPV1_model4,Resiniferatoxin,100066,-4.219,B,-0.23288250133955612,head-down
TRPV1_model4,Resiniferatoxin,100073,-6.641,B,-0.07070514309110229,head-down
TRPV1_model4,Resiniferatoxin,100081,-6.672,B,-0.13637904447942822,head-down
TRPV1_model4,Resiniferatoxin,100083,-6.409,B,0.15711441845628632,head-up
TRPV1_model4,Resiniferatoxin,100090,-6.169,B,0.4631306079933143,head-up
TRPV1_model4,Resiniferatoxin,100092,-5.951,B,-0.20162761963698606,head-down
TRPV1_model4,Shogaol,100008,-5.329,B,-0.3103533410852743,head-down
TRPV1_model4,Shogaol,100009,-4.827,B,-0.19073118503414602,head-down
TRPV1_model4,Shogaol,100012,-5.304,B,0.006909250222587073,head-up
TRPV1_model4,Shogaol,100017,-5.289,B,0.4847131386254211,head-up
TRPV1_model4,Shogaol,100020,-5.219,B,0.5306497374693889,head-up
TRPV1_model4,Shogaol,100023,-5.414,B,0.13838532239591209,head-up
TRPV1_model4,Shogaol,100029,-5.48,B,-0.2148714325824401,head-down
TRPV1_model4,Shogaol,100030,-5.872,B,0.3889961293308922,head-up
TRPV1_model4,Shogaol,100032,-5.105,B,-0.7261965447040128,head-down
TRPV1_model4,Shogaol,100036,-5.304,B,-0.007344012618617428,head-down
TRPV1_model4,Shogaol,100038,-5.857,B,0.6120390897259861,head-up
TRPV1_model4,Shogaol,100048,-4.57,B,0.24214214926339594,head-up
TRPV1_model4,Shogaol,100049,-5.654,B,0.5941996857957926,head-up
TRPV1_model4,Shogaol,100057,-5.449,B,0.44468342101711306,head-up
TRPV1_model4,Shogaol,100058,-4.913,B,-0.2501857406320264,head-down
TRPV1_model4,Shogaol,100073,-5.114,B,-0.5231213856666104,head-down
TRPV1_model4,Shogaol,100074,-5.559,B,-0.34424433656348036,head-down
TRPV1_model4,Shogaol,100083,-5.333,B,0.518759999313136,head-up
TRPV1_model4,Shogaol,100084,-5.526,B,0.4971488619478663,head-up
TRPV1_model4,Shogaol,100095,-5.415,B,0.2278768797318597,head-up
TRPV1_model4,Tinyatoxin,100001,-7.395,B,-0.18098339392087964,head-down
TRPV1_model4,Tinyatoxin,100005,-6.63,B,-0.2076497976380399,head-down
TRPV1_model4,Tinyatoxin,100014,-6.728,B,-0.5853556374922516,head-down
TRPV1_model4,Tinyatoxin,100017,-6.0,B,-0.05991708649244041,head-down
TRPV1_model4,Tinyatoxin,100027,-5.613,B,-0.07414513020185753,head-down
TRPV1_model4,Tinyatoxin,100041,-7.366,B,-0.16002119436150594,head-down
TRPV1_model4,Tinyatoxin,100053,-6.645,B,-0.17244878518291926,head-down
TRPV1_model4,Tinyatoxin,100060,-6.923,B,-0.040236922677017374,head-down
TRPV1_model4,Tinyatoxin,100061,-5.83,B,-0.05982941100338343,head-down
TRPV1_model4,Tinyatoxin,100062,-6.497,B,0.2223337988462554,head-up
TRPV1_model4,Tinyatoxin,100067,-5.342,B,-0.15830726957339405,head-down
TRPV1_model4,Tinyatoxin,100068,-5.31,B,0.22510998423422374,head-up
TRPV1_model4,Tinyatoxin,100075,-6.504,B,0.20331828791874465,head-up
TRPV1_model4,Tinyatoxin,100085,-5.772,B,-0.33787496844654025,head-down
TRPV1_model4,Tinyatoxin,100094,-6.472,B,-0.016979292030181992,head-down
TRPV1_model4,Tinyatoxin,100095,-6.195,B,0.23282038653202738,head-up
