model,ligand,seed,score,pose,chain,distance_y511,distance_t550
TRPV1_model2,Capsaicin,100001,-5.957,1,B,4.471603180068638,3.2180243939411106
TRPV1_model2,Capsaicin,100002,-5.498,9,B,4.5054341633187835,3.4710651103083663
TRPV1_model2,Capsaicin,100003,-6.121,4,B,4.3993891621451215,3.2292282359721836
TRPV1_model2,Capsaicin,100004,-6.115,1,B,4.808564130798299,3.2323848780737747
TRPV1_model2,Capsaicin,100005,-6.297,2,B,3.606310580080418,3.635629381551436
TRPV1_model2,Capsaicin,100006,-6.055,6,B,4.611401305460198,3.512802584831669
TRPV1_model2,Capsaicin,100007,-5.713,5,B,4.71889203097506,4.3198214083454936
TRPV1_model2,Capsaicin,100008,-5.969,4,B,4.6852152565277025,3.43027243815998
TRPV1_model2,Capsaicin,100009,-6.172,1,B,4.794359394121384,3.4614466628853364
TRPV1_model2,Capsaicin,100010,-6.094,2,B,4.541914684359457,3.7396204352848468
TRPV1_model2,Capsaicin,100011,-6.052,3,B,4.609070405190181,2.7802435145145097
TRPV1_model2,Capsaicin,100012,-5.915,4,B,4.001048362616973,2.8271186745518864
TRPV1_model2,Capsaicin,100013,-6.282,1,B,4.7218665800719135,3.332347220803986
TRPV1_model2,Capsaicin,100016,-5.873,5,B,3.703134618130973,3.4827100080253666
TRPV1_model2,Capsaicin,100017,-5.863,4,B,4.940701367214983,4.052800759968352
TRPV1_model2,Capsaicin,100018,-6.217,2,B,4.8434982192625995,3.5630881268921812
TRPV1_model2,Capsaicin,100019,-5.835,3,B,4.7928848306630485,3.2581444105502797
TRPV1_model2,Capsaicin,100020,-5.067,1,B,3.6975249830122854,3.3290600775594306
TRPV1_model2,Capsaicin,100021,-6.256,5,B,4.8904464008922535,2.693682609365852
TRPV1_model2,Capsaicin,100023,-5.898,5,B,4.080682050834147,3.096982402274833
TRPV1_model2,Capsaicin,100024,-5.902,1,B,3.996010760746272,3.082318932232682
TRPV1_model2,Capsaicin,100025,-5.869,7,B,4.380546541243448,3.7732805355552435
TRPV1_model2,Capsaicin,100027,-6.012,4,B,4.894975382982016,3.4438713680972564
TRPV1_model2,Capsaicin,100029,-5.705,7,B,3.4434246035015805,3.061187514674662
TRPV1_model2,Capsaicin,100030,-6.061,3,B,3.7451007997115324,3.382209484937329
TRPV1_model2,Capsaicin,100031,-6.035,3,B,4.422313534791485,3.267935127875108
TRPV1_model2,Capsaicin,100032,-6.195,2,B,4.870360766924757,3.3976513947137135
TRPV1_model2,Capsaicin,100033,-5.361,1,B,4.878362532653763,3.7026574240672105
TRPV1_model2,Capsaicin,100034,-6.107,2,B,4.63680763025597,3.200303891820273
TRPV1_model2,Capsaicin,100035,-6.747,1,B,4.949389659341844,2.7410618380474454
TRPV1_model2,Capsaicin,100036,-5.238,2,B,4.470145187798715,3.7150275907454655
TRPV1_model2,Capsaicin,100037,-5.76,3,B,4.62830465721521,3.4654271021044494
TRPV1_model2,Capsaicin,100038,-6.171,4,B,3.5812609511176374,2.7469002530124835
TRPV1_model2,Capsaicin,100039,-5.29,10,B,4.87424342847175,3.9257373829638693
TRPV1_model2,Capsaicin,100041,-6.157,2,B,4.3121950326950635,2.9903038307168677
TRPV1_model2,Capsaicin,100043,-6.073,4,B,4.63032018331346,3.121551537296802
TRPV1_model2,Capsaicin,100045,-6.136,1,B,4.772190377593915,3.5637550420869353
TRPV1_model2,Capsaicin,100046,-5.69,8,B,4.383743947814471,3.4861520334030223
TRPV1_model2,Capsaicin,100047,-5.874,4,B,3.341540064102177,3.314834837514531
TRPV1_model2,Capsaicin,100049,-5.913,2,B,4.211881646010481,3.729015687818973
TRPV1_model2,Capsaicin,100050,-5.616,4,B,3.770322134778409,3.314650207789655
TRPV1_model2,Capsaicin,100051,-6.479,1,B,4.7853284108825695,3.1086527628540357
TRPV1_model2,Capsaicin,100052,-6.175,3,B,4.231029307390812,3.1814815731039587
TRPV1_model2,Capsaicin,100053,-6.285,1,B,4.706123245304989,3.452998407181798
TRPV1_model2,Capsaicin,100054,-6.259,1,B,4.679382544738142,2.7240290013140487
TRPV1_model2,Capsaicin,100055,-6.064,4,B,4.370649494068361,3.5004286880323763
TRPV1_model2,Capsaicin,100056,-6.092,5,B,4.306884488815553,2.8343704768431466
TRPV1_model2,Capsaicin,100057,-5.946,4,B,4.381192645844279,3.066388918581593
TRPV1_model2,Capsaicin,100058,-5.982,1,B,3.312586451702047,2.7523996802790216
TRPV1_model2,Capsaicin,100059,-6.214,4,B,4.5530115308441745,3.21986614628622
TRPV1_model2,Capsaicin,100060,-5.921,2,B,4.609899781990929,3.22979999380766
TRPV1_model2,Capsaicin,100061,-5.912,4,B,4.417466015715338,3.468628259124927
TRPV1_model2,Capsaicin,100062,-5.852,8,B,3.558716341604092,3.2894210736845535
TRPV1_model2,Capsaicin,100064,-6.085,3,B,4.110773893076582,3.479441334467366
TRPV1_model2,Capsaicin,100065,-5.931,2,B,4.290342410577498,3.3204404828275402
TRPV1_model2,Capsaicin,100066,-6.1,5,B,4.0353604547797195,3.7718581627627663
TRPV1_model2,Capsaicin,100067,-6.16,4,B,4.674565006500604,3.2799772865067216
TRPV1_model2,Capsaicin,100068,-6.357,2,B,4.815232704657168,2.7830089830972624
TRPV1_model2,Capsaicin,100069,-6.076,2,B,3.2716344539083213,3.368040676713993
TRPV1_model2,Capsaicin,100070,-6.186,2,B,4.925770396597867,2.70960716710006
TRPV1_model2,Capsaicin,100071,-6.391,1,B,4.719357901240371,3.3234304566215935
TRPV1_model2,Capsaicin,100072,-5.622,1,B,3.4703205903777854,3.654022851597959
TRPV1_model2,Capsaicin,100073,-6.432,1,B,4.788167290310559,2.747443539001308
TRPV1_model2,Capsaicin,100074,-5.746,3,B,4.694636727160044,3.331908312063823
TRPV1_model2,Capsaicin,100075,-6.252,2,B,4.773091660548743,3.1787046103719696
TRPV1_model2,Capsaicin,100076,-6.581,1,B,4.819996369293235,2.78245107773705
TRPV1_model2,Capsaicin,100077,-6.021,5,B,4.61511451645568,3.286765279115618
TRPV1_model2,Capsaicin,100078,-5.786,7,B,4.2973794340271985,2.905355399946803
TRPV1_model2,Capsaicin,100079,-6.062,1,B,3.240536683946044,3.295683540633123
TRPV1_model2,Capsaicin,100080,-6.503,1,B,4.726676739528519,3.1407854113262905
TRPV1_model2,Capsaicin,100081,-5.674,5,B,4.129346316307222,4.103466583268359
TRPV1_model2,Capsaicin,100082,-5.419,9,B,4.569291630001304,3.5882102781191696
TRPV1_model2,Capsaicin,100084,-6.007,2,B,3.306107378776435,2.8651591578828586
TRPV1_model2,Capsaicin,100085,-6.002,5,B,4.464307449089951,2.8099163688622566
TRPV1_model2,Capsaicin,100087,-5.785,4,B,4.33226003374682,3.2088674014362204
TRPV1_model2,Capsaicin,100088,-5.797,6,B,4.392594449752893,2.970131815256696
TRPV1_model2,Capsaicin,100090,-6.256,2,B,4.922718862579908,3.530675006284217
TRPV1_model2,Capsaicin,100091,-5.617,1,B,4.7776616665477665,3.609359222909238
TRPV1_model2,Capsaicin,100092,-5.717,5,B,3.802969760594999,4.4843491166500495
TRPV1_model2,Capsaicin,100093,-5.502,6,B,4.688506585257181,3.619703164625517
TRPV1_model2,Capsaicin,100094,-5.651,10,B,4.428449954555199,3.4622273177825953
TRPV1_model2,Capsaicin,100097,-5.692,5,B,4.240303173123352,3.300688564527109
TRPV1_model2,Capsaicin,100098,-5.895,7,B,4.810352274002393,2.97577704137928
TRPV1_model2,Capsaicin,100099,-5.965,3,B,4.7300910139235155,3.3412054710837626
TRPV1_model2,Capsaicin,100100,-6.146,4,B,4.7666041371190015,3.3887611305608503
TRPV1_model2,Dihydrocapsaicin,100001,-5.889,4,B,4.757445217761308,2.929538530212574
TRPV1_model2,Dihydrocapsaicin,100003,-5.91,3,B,4.310840521290484,3.3720084519467064
TRPV1_model2,Dihydrocapsaicin,100004,-5.997,1,B,4.4163534731721725,3.2322396260178574
TRPV1_model2,Dihydrocapsaicin,100005,-5.947,2,B,4.608154836808325,3.7252723390377818
TRPV1_model2,Dihydrocapsaicin,100006,-6.109,1,B,4.9611778843335115,3.3095995226008927
TRPV1_model2,Dihydrocapsaicin,100007,-5.293,9,B,4.664724750722163,3.3899908554448954
TRPV1_model2,Dihydrocapsaicin,100008,-5.557,3,B,4.556385080302149,3.483301881835688
TRPV1_model2,Dihydrocapsaicin,100009,-6.109,3,B,4.894142212890835,3.411824731723489
TRPV1_model2,Dihydrocapsaicin,100010,-6.023,1,B,4.599621506167647,2.9658653037520106
TRPV1_model2,Dihydrocapsaicin,100011,-5.302,8,B,4.490251329268769,2.998125414321424
TRPV1_model2,Dihydrocapsaicin,100012,-5.563,1,B,3.8551213988667037,3.5866894206217603
TRPV1_model2,Dihydrocapsaicin,100013,-6.225,2,B,4.920682168155135,2.7565249862825567
TRPV1_model2,Dihydrocapsaicin,100014,-5.618,2,B,4.337103641832874,3.3279628904180942
TRPV1_model2,Dihydrocapsaicin,100016,-5.66,3,B,3.8975968236850793,3.3718198350445756
TRPV1_model2,Dihydrocapsaicin,100017,-5.632,4,B,4.823958851399953,3.4597064904410653
TRPV1_model2,Dihydrocapsaicin,100018,-5.536,8,B,4.511454089315326,3.6743014302041157
TRPV1_model2,Dihydrocapsaicin,100019,-5.043,8,B,4.600944033565282,4.342708947189535
TRPV1_model2,Dihydrocapsaicin,100022,-5.527,2,B,3.760518847180531,3.769051472187673
TRPV1_model2,Dihydrocapsaicin,100023,-5.703,6,B,3.393795662676229,3.3659499402100526
TRPV1_model2,Dihydrocapsaicin,100024,-5.316,6,B,3.7151092850682086,2.7911146518908896
TRPV1_model2,Dihydrocapsaicin,100025,-5.449,8,B,4.528752918850835,3.4329175638223526
TRPV1_model2,Dihydrocapsaicin,100027,-5.449,3,B,4.5696570987328915,3.2483332649221786
TRPV1_model2,Dihydrocapsaicin,100028,-5.926,2,B,3.412650875785563,4.24280402564154
TRPV1_model2,Dihydrocapsaicin,100029,-5.192,7,B,3.8102301767740983,3.475081725657694
TRPV1_model2,Dihydrocapsaicin,100031,-5.672,4,B,3.6530594027472314,2.828276506991501
TRPV1_model2,Dihydrocapsaicin,100032,-5.656,3,B,3.665380471383566,3.5360828610200845
TRPV1_model2,Dihydrocapsaicin,100033,-5.489,3,B,4.732692468352439,3.0925567092617707
TRPV1_model2,Dihydrocapsaicin,100036,-5.558,1,B,4.825554993987733,3.053298871712366
TRPV1_model2,Dihydrocapsaicin,100037,-5.401,6,B,4.8109725627985025,3.2394548924163242
TRPV1_model2,Dihydrocapsaicin,100038,-5.896,3,B,4.706225026494164,3.4936247651973256
TRPV1_model2,Dihydrocapsaicin,100039,-6.091,3,B,3.339375091240877,3.4949432041164896
TRPV1_model2,Dihydrocapsaicin,100041,-5.638,1,B,4.600796996173597,3.012296466153356
TRPV1_model2,Dihydrocapsaicin,100042,-5.82,3,B,4.426093650161495,2.789134991354849
TRPV1_model2,Dihydrocapsaicin,100043,-5.954,1,B,4.82909194362667,3.3805251071394236
TRPV1_model2,Dihydrocapsaicin,100044,-5.873,1,B,4.855857699727205,3.0169292335088107
TRPV1_model2,Dihydrocapsaicin,100045,-5.858,3,B,4.516835728693256,3.0151240438827713
TRPV1_model2,Dihydrocapsaicin,100046,-5.356,2,B,4.500562964785625,3.3560959461850937
TRPV1_model2,Dihydrocapsaicin,100047,-5.913,3,B,3.240538844081333,3.7317048382743243
TRPV1_model2,Dihydrocapsaicin,100048,-6.291,2,B,4.5111529568393065,3.1760157430340317
TRPV1_model2,Dihydrocapsaicin,100049,-5.312,1,B,4.47077912672948,3.095711549870234
TRPV1_model2,Dihydrocapsaicin,100050,-5.97,1,B,4.987603232014351,3.3593115366098516
TRPV1_model2,Dihydrocapsaicin,100051,-6.037,2,B,4.753875366477333,3.3894263526443646
TRPV1_model2,Dihydrocapsaicin,100052,-5.792,3,B,3.6018620184565697,4.244730733509489
TRPV1_model2,Dihydrocapsaicin,100053,-5.623,5,B,4.608313899898748,3.2696345361523282
TRPV1_model2,Dihydrocapsaicin,100054,-5.918,3,B,3.7133826896779705,3.465627071685596
TRPV1_model2,Dihydrocapsaicin,100055,-5.778,2,B,4.920676985944102,3.337008690429212
TRPV1_model2,Dihydrocapsaicin,100056,-5.704,2,B,4.298648392227494,3.207415938103451
TRPV1_model2,Dihydrocapsaicin,100058,-5.282,5,B,4.1330786346257655,3.2623716833003624
TRPV1_model2,Dihydrocapsaicin,100059,-6.465,2,B,4.608501274818086,3.2971581703036392
TRPV1_model2,Dihydrocapsaicin,100060,-5.782,3,B,4.179759083966435,3.325532438572813
TRPV1_model2,Dihydrocapsaicin,100061,-5.407,1,B,4.495184645818231,3.67781592796595
TRPV1_model2,Dihydrocapsaicin,100063,-5.15,9,B,3.039747522410373,3.4999101417036527
TRPV1_model2,Dihydrocapsaicin,100064,-5.873,3,B,4.397353408585661,2.9802397554559303
TRPV1_model2,Dihydrocapsaicin,100065,-6.121,2,B,4.693951640142876,2.8492642910056722
TRPV1_model2,Dihydrocapsaicin,100067,-5.328,8,B,3.8878437468602045,3.219902793563818
TRPV1_model2,Dihydrocapsaicin,100068,-5.492,2,B,4.529031353391133,3.684350824772258
TRPV1_model2,Dihydrocapsaicin,100069,-5.888,2,B,4.791219990774791,3.157928593239561
TRPV1_model2,Dihydrocapsaicin,100070,-5.593,8,B,4.796418142739428,3.431194252734752
TRPV1_model2,Dihydrocapsaicin,100072,-5.69,2,B,4.517496651908005,2.469684595246936
TRPV1_model2,Dihydrocapsaicin,100074,-5.526,7,B,3.8522043040316483,3.657315682300349
TRPV1_model2,Dihydrocapsaicin,100075,-5.807,4,B,4.676703539887899,2.77982337568414
TRPV1_model2,Dihydrocapsaicin,100076,-5.128,4,B,4.77090326877416,4.066613947745719
TRPV1_model2,Dihydrocapsaicin,100077,-6.014,1,B,4.997257748005396,3.0098270714444717
TRPV1_model2,Dihydrocapsaicin,100078,-6.336,2,B,4.805286567937439,2.8787443443279237
TRPV1_model2,Dihydrocapsaicin,100079,-6.239,1,B,4.914221199742636,2.735748709220203
TRPV1_model2,Dihydrocapsaicin,100080,-5.905,3,B,4.742605612951597,3.3163523636670464
TRPV1_model2,Dihydrocapsaicin,100081,-4.927,9,B,3.885227020394042,3.3030467753272927
TRPV1_model2,Dihydrocapsaicin,100082,-5.747,1,B,4.936926675574592,3.0374214393132832
TRPV1_model2,Dihydrocapsaicin,100084,-5.71,5,B,4.071979125683239,3.4172066077426466
TRPV1_model2,Dihydrocapsaicin,100085,-5.651,3,B,3.6611563746991145,3.218091670540165
TRPV1_model2,Dihydrocapsaicin,100086,-5.504,8,B,4.749694832302378,3.437829984161519
TRPV1_model2,Dihydrocapsaicin,100087,-5.9,1,B,4.941263198818696,3.2349483767133
TRPV1_model2,Dihydrocapsaicin,100088,-5.25,6,B,3.9952034991975056,3.2411209480672065
TRPV1_model2,Dihydrocapsaicin,100089,-5.538,1,B,2.795196594159348,3.930320724826415
TRPV1_model2,Dihydrocapsaicin,100091,-5.883,1,B,4.641047403334726,3.236984553562166
TRPV1_model2,Dihydrocapsaicin,100093,-5.542,4,B,4.750664585087022,3.253430497182939
TRPV1_model2,Dihydrocapsaicin,100094,-5.635,3,B,4.050091356994309,3.195592902733395
TRPV1_model2,Dihydrocapsaicin,100095,-5.757,4,B,4.749491025362605,3.333890370123174
TRPV1_model2,Dihydrocapsaicin,100098,-5.685,3,B,4.647834549550999,3.868573509706133
TRPV1_model2,Dihydrocapsaicin,100099,-6.253,2,B,4.45404119873177,3.4178573697566805
TRPV1_model2,Gingerol,100001,-5.277,8,B,4.6330104683671935,3.5543879923272397
TRPV1_model2,Gingerol,100002,-5.135,10,B,4.987898254776255,3.00739688102519
TRPV1_model2,Gingerol,100003,-5.323,10,B,4.552782445933469,3.0364757532376307
TRPV1_model2,Gingerol,100004,-5.871,1,B,4.996175137042331,3.1129237061001134
TRPV1_model2,Gingerol,100005,-5.455,2,B,4.9726189276879,4.031483101787733
TRPV1_model2,Gingerol,100007,-5.691,1,B,4.808812951238588,3.5274744506516367
TRPV1_model2,Gingerol,100008,-6.262,1,B,4.83648157238296,3.1570281911950064
TRPV1_model2,Gingerol,100009,-6.025,2,B,4.753540259638068,2.8266634040861702
TRPV1_model2,Gingerol,100010,-5.725,3,B,4.608800060753335,3.635567355998242
TRPV1_model2,Gingerol,100011,-5.961,2,B,4.996480161073393,3.1348680992986018
TRPV1_model2,Gingerol,100012,-5.816,4,B,4.695622322972746,3.6311470639455
TRPV1_model2,Gingerol,100013,-5.861,2,B,4.662182536109024,3.1683372610882086
TRPV1_model2,Gingerol,100014,-5.987,1,B,4.885534873481102,3.12147224879543
TRPV1_model2,Gingerol,100015,-5.71,2,B,3.6803316426648256,3.4981871019143655
TRPV1_model2,Gingerol,100016,-5.894,1,B,4.954372816008094,3.1582599639675064
TRPV1_model2,Gingerol,100017,-5.591,5,B,4.7455117742978885,3.271815092574767
TRPV1_model2,Gingerol,100018,-5.749,2,B,4.871903529422559,2.302781796002384
TRPV1_model2,Gingerol,100019,-5.493,2,B,4.664268216987523,2.794944543278098
TRPV1_model2,Gingerol,100020,-5.612,4,B,3.4133370768208606,3.6272856242650757
TRPV1_model2,Gingerol,100021,-5.722,3,B,4.034867160142946,2.9444403542948603
TRPV1_model2,Gingerol,100022,-5.205,7,B,3.5497860498908937,3.187058518446132
TRPV1_model2,Gingerol,100023,-5.144,9,B,4.839963842840144,2.873515964806887
TRPV1_model2,Gingerol,100024,-4.943,7,B,3.835140936132593,3.3320667760415685
TRPV1_model2,Gingerol,100025,-5.367,6,B,4.6207157454229915,3.0796087413825752
TRPV1_model2,Gingerol,100026,-5.737,2,B,4.862924531596187,3.1477352175810536
TRPV1_model2,Gingerol,100028,-5.279,8,B,4.763368346034132,2.9843325887038854
TRPV1_model2,Gingerol,100029,-5.402,4,B,3.7903780814056036,3.239766966928332
TRPV1_model2,Gingerol,100030,-5.305,6,B,4.97698081169698,2.842200204067269
TRPV1_model2,Gingerol,100031,-5.532,3,B,4.945025176882318,3.5576881538437357
TRPV1_model2,Gingerol,100032,-5.299,6,B,4.464381368118088,2.9147840400276723
TRPV1_model2,Gingerol,100033,-6.085,1,B,4.797633687558889,2.8462696639637035
TRPV1_model2,Gingerol,100034,-6.213,1,B,4.9478858111318615,2.9656786744352566
TRPV1_model2,Gingerol,100035,-5.117,1,B,3.4750202877105565,3.818562556774482
TRPV1_model2,Gingerol,100037,-5.471,3,B,4.166475488947465,2.9763244110815683
TRPV1_model2,Gingerol,100038,-5.59,3,B,4.900691685874551,2.7680684601360666
TRPV1_model2,Gingerol,100039,-6.193,1,B,4.655583314687853,2.881406253897577
TRPV1_model2,Gingerol,100040,-5.808,2,B,4.925112892107138,3.025166606982173
TRPV1_model2,Gingerol,100041,-5.317,8,B,4.87184503037607,2.353544348424302
TRPV1_model2,Gingerol,100042,-5.195,5,B,3.465740613490859,3.282809010588348
TRPV1_model2,Gingerol,100043,-6.34,1,B,4.888434718803141,2.8188745981330934
TRPV1_model2,Gingerol,100044,-5.471,3,B,4.820442821982221,3.488587249876383
TRPV1_model2,Gingerol,100045,-5.289,4,B,4.311924628283745,3.6330419760856154
TRPV1_model2,Gingerol,100046,-5.778,3,B,4.120920770895745,2.8917276842745787
TRPV1_model2,Gingerol,100047,-6.324,1,B,4.81558116949553,3.097964815810537
TRPV1_model2,Gingerol,100048,-5.209,4,B,4.217161841807827,2.906613493397433
TRPV1_model2,Gingerol,100049,-5.3,3,B,3.8351292025171677,3.5761283534012027
TRPV1_model2,Gingerol,100050,-5.5,2,B,3.7207544933789967,2.928124314300892
TRPV1_model2,Gingerol,100051,-5.69,2,B,4.995910327457842,2.9175282346534406
TRPV1_model2,Gingerol,100052,-4.892,4,B,3.5502554837645164,3.595146728577285
TRPV1_model2,Gingerol,100053,-5.763,2,B,4.9534741343828514,2.8662946464032735
TRPV1_model2,Gingerol,100054,-5.492,3,B,4.687650477584687,2.7761685827773492
TRPV1_model2,Gingerol,100055,-5.955,1,B,4.796108735214411,2.8614644851893574
TRPV1_model2,Gingerol,100056,-5.446,3,B,4.725568431416483,3.057464799470304
TRPV1_model2,Gingerol,100057,-5.547,5,B,4.7840013586954635,3.931822096687494
TRPV1_model2,Gingerol,100058,-4.783,3,B,4.652901137999816,3.0796748204964888
TRPV1_model2,Gingerol,100060,-5.214,2,B,4.613421615243935,2.698890142262184
TRPV1_model2,Gingerol,100061,-5.962,1,B,4.718758311250957,2.878389480247593
TRPV1_model2,Gingerol,100062,-5.873,2,B,4.966752762117314,2.88766497364221
TRPV1_model2,Gingerol,100063,-5.877,2,B,4.8776872593473986,2.8558007633586726
TRPV1_model2,Gingerol,100064,-5.007,4,B,4.44873116742291,2.890351535713263
TRPV1_model2,Gingerol,100065,-5.847,1,B,4.8267525314646,2.912048248226677
TRPV1_model2,Gingerol,100066,-6.102,1,B,4.792866470078209,2.869519471967398
TRPV1_model2,Gingerol,100067,-5.529,2,B,4.531538701147762,3.643867588154104
TRPV1_model2,Gingerol,100068,-5.712,3,B,4.076327513829086,3.494922030603831
TRPV1_model2,Gingerol,100069,-5.825,2,B,4.910541619821586,2.8227406894718525
TRPV1_model2,Gingerol,100070,-5.952,1,B,4.954531461197913,2.844954305432691
TRPV1_model2,Gingerol,100071,-5.807,3,B,3.269586365276195,3.5233681329091997
TRPV1_model2,Gingerol,100072,-5.858,2,B,4.264758492576103,2.740626205815024
TRPV1_model2,Gingerol,100073,-5.648,2,B,4.59904544443735,3.029497152994215
TRPV1_model2,Gingerol,100074,-5.303,3,B,4.2517451711032725,3.4727826018914625
TRPV1_model2,Gingerol,100076,-5.162,4,B,4.670306520989815,3.412309774917875
TRPV1_model2,Gingerol,100078,-5.647,2,B,4.800491849800392,2.9727416638517488
TRPV1_model2,Gingerol,100079,-5.34,9,B,4.571559252596425,2.969903870498161
TRPV1_model2,Gingerol,100080,-5.543,6,B,4.306420439297578,3.1420147994559313
TRPV1_model2,Gingerol,100082,-6.079,1,B,4.754491455455566,2.999244238137341
TRPV1_model2,Gingerol,100083,-4.899,1,B,4.138413343299575,4.24001002357307
TRPV1_model2,Gingerol,100084,-5.643,3,B,4.89482103860805,2.868470149748821
TRPV1_model2,Gingerol,100085,-5.443,2,B,3.199950155861808,3.583892576515098
TRPV1_model2,Gingerol,100086,-5.8,1,B,4.734447908679527,2.8239442274945983
TRPV1_model2,Gingerol,100087,-5.179,10,B,4.4178791291749855,2.7388563306606732
TRPV1_model2,Gingerol,100088,-5.524,5,B,4.889497111155701,3.532068091076394
TRPV1_model2,Gingerol,100089,-5.463,3,B,4.787195107784936,3.6365314518095477
TRPV1_model2,Gingerol,100090,-5.906,1,B,4.769007653589999,2.980260894619801
TRPV1_model2,Gingerol,100091,-5.693,4,B,4.603704269390026,3.5192445212005357
TRPV1_model2,Gingerol,100092,-5.567,1,B,4.849230557521475,2.8366792204971025
TRPV1_model2,Gingerol,100093,-5.306,5,B,3.6610591363702354,2.8341166172195664
TRPV1_model2,Gingerol,100094,-6.087,1,B,4.821392433727,2.920057876138766
TRPV1_model2,Gingerol,100095,-4.799,5,B,3.8662243856248204,3.2945131658562254
TRPV1_model2,Gingerol,100096,-5.182,1,B,3.29405434077825,3.668422140375888
TRPV1_model2,Gingerol,100097,-4.99,5,B,4.331696896136659,3.3550067064016473
TRPV1_model2,Gingerol,100098,-5.385,4,B,3.6473983878923906,3.32247678697685
TRPV1_model2,Gingerol,100099,-5.682,1,B,4.807909940920266,3.7002439108793945
TRPV1_model2,Gingerol,100100,-5.263,2,B,3.662889023707919,2.7055844100674515
TRPV1_model2,Homocapsaicin,100001,-5.857,1,B,3.777608502743506,3.760187628297301
TRPV1_model2,Homocapsaicin,100002,-5.952,4,B,4.221401899843223,3.4075108216996126
TRPV1_model2,Homocapsaicin,100003,-6.146,4,B,4.800173434366722,3.193708502665842
TRPV1_model2,Homocapsaicin,100004,-6.414,2,B,3.7490310748245297,3.9453675367448375
TRPV1_model2,Homocapsaicin,100006,-5.434,1,B,4.270761524599567,3.316995327099515
TRPV1_model2,Homocapsaicin,100007,-5.164,6,B,3.3706558708951597,3.298554077167748
TRPV1_model2,Homocapsaicin,100011,-5.854,8,B,3.7880725969812175,3.090342052265415
TRPV1_model2,Homocapsaicin,100012,-5.302,1,B,4.767137925422337,3.9182915920079266
TRPV1_model2,Homocapsaicin,100013,-5.828,2,B,4.4956038526542725,3.30186765331381
TRPV1_model2,Homocapsaicin,100021,-6.166,1,B,4.9092835526174206,2.9112284348707513
TRPV1_model2,Homocapsaicin,100023,-6.148,2,B,3.9740066683386415,3.249938768653962
TRPV1_model2,Homocapsaicin,100024,-6.125,2,B,4.694245626296089,3.4108545849977268
TRPV1_model2,Homocapsaicin,100028,-6.36,1,B,4.977341760417902,2.7792675294041147
TRPV1_model2,Homocapsaicin,100029,-5.803,4,B,4.711153892625454,3.965121183520122
TRPV1_model2,Homocapsaicin,100030,-5.225,4,B,4.832005173838287,3.419072096344278
TRPV1_model2,Homocapsaicin,100031,-5.747,5,B,3.5581586530114104,3.7070544911020655
TRPV1_model2,Homocapsaicin,100034,-6.044,4,B,4.998146956623023,3.4764061903063017
TRPV1_model2,Homocapsaicin,100035,-6.146,2,B,4.818481607311577,3.2105677068082605
TRPV1_model2,Homocapsaicin,100036,-6.057,2,B,4.849935463488142,3.2513169639393835
TRPV1_model2,Homocapsaicin,100037,-6.089,3,B,4.267491300518371,3.397632410959139
TRPV1_model2,Homocapsaicin,100039,-6.041,2,B,3.939975380633737,3.632273805758598
TRPV1_model2,Homocapsaicin,100040,-5.95,3,B,4.6298922233676265,3.3251595450444253
TRPV1_model2,Homocapsaicin,100043,-6.034,2,B,3.8980801684931974,3.366419314345734
TRPV1_model2,Homocapsaicin,100044,-6.204,2,B,4.393689793328608,3.248263997891798
TRPV1_model2,Homocapsaicin,100045,-5.998,2,B,4.358670783622001,3.9157848510866877
TRPV1_model2,Homocapsaicin,100046,-6.267,1,B,4.838097146606293,2.7628494349131727
TRPV1_model2,Homocapsaicin,100047,-5.835,8,B,4.886944751068911,3.486703457422217
TRPV1_model2,Homocapsaicin,100049,-6.39,3,B,4.650544914308429,3.4717642489086176
TRPV1_model2,Homocapsaicin,100050,-5.797,3,B,3.931564828411201,3.8174757366616037
TRPV1_model2,Homocapsaicin,100052,-5.849,4,B,3.615572568764175,3.233252541945956
TRPV1_model2,Homocapsaicin,100053,-5.272,3,B,4.688009492311202,3.720911447481658
TRPV1_model2,Homocapsaicin,100056,-5.341,1,B,3.5953583965997056,3.1152749477373654
TRPV1_model2,Homocapsaicin,100057,-6.445,2,B,4.750031999892213,3.565001683029061
TRPV1_model2,Homocapsaicin,100058,-6.212,2,B,4.961008365241891,3.976426284995118
TRPV1_model2,Homocapsaicin,100059,-5.739,2,B,4.3291039488559315,3.384798664618033
TRPV1_model2,Homocapsaicin,100061,-5.792,5,B,4.93219281861526,3.3812204897048606
TRPV1_model2,Homocapsaicin,100062,-5.557,1,B,4.666111228849985,2.9342845806090514
TRPV1_model2,Homocapsaicin,100064,-6.256,1,B,4.675142885516978,3.3207392249317045
TRPV1_model2,Homocapsaicin,100066,-5.895,5,B,3.4607752021765275,3.065968199443705
TRPV1_model2,Homocapsaicin,100067,-5.416,4,B,4.766959303371489,3.548429652677367
TRPV1_model2,Homocapsaicin,100068,-6.536,2,B,4.9825955083670985,2.9171045576050303
TRPV1_model2,Homocapsaicin,100071,-6.15,2,B,4.6919622760631725,3.203840663953185
TRPV1_model2,Homocapsaicin,100072,-5.255,7,B,4.42883077120812,3.6078870547732054
TRPV1_model2,Homocapsaicin,100073,-6.087,2,B,4.9425115073209405,4.210275525425868
TRPV1_model2,Homocapsaicin,100075,-5.727,3,B,4.915489497496668,3.370170470465858
TRPV1_model2,Homocapsaicin,100076,-6.05,3,B,4.165631884840517,3.5046810125887324
TRPV1_model2,Homocapsaicin,100077,-5.918,1,B,3.641673653692763,2.8314181958870166
TRPV1_model2,Homocapsaicin,100078,-5.964,3,B,4.749520081018709,3.6656438725004383
TRPV1_model2,Homocapsaicin,100079,-5.595,2,B,4.658423445759302,3.7979890731807013
TRPV1_model2,Homocapsaicin,100080,-5.851,7,B,3.8760661759056636,3.678984370719735
TRPV1_model2,Homocapsaicin,100083,-5.859,5,B,4.176881252800943,3.3172865417386044
TRPV1_model2,Homocapsaicin,100085,-5.849,5,B,3.4950566519013657,3.4013994178867053
TRPV1_model2,Homocapsaicin,100087,-4.204,10,B,4.990605374100422,3.237682350076982
TRPV1_model2,Homocapsaicin,100088,-5.557,5,B,4.795761774734019,3.4718506592306113
TRPV1_model2,Homocapsaicin,100092,-5.874,1,B,4.771202049798347,3.3553542286918185
TRPV1_model2,Homocapsaicin,100094,-5.258,1,B,4.746958815915728,3.685316404326782
TRPV1_model2,Homocapsaicin,100095,-5.575,10,B,4.145853350035425,3.572832769666112
TRPV1_model2,Homocapsaicin,100096,-5.561,1,B,4.150277701552031,4.0109028908713364
TRPV1_model2,Homocapsaicin,100097,-6.237,1,B,4.685574564554486,3.20051636458869
TRPV1_model2,Homocapsaicin,100098,-6.094,3,B,4.888143717199807,3.068678705892812
TRPV1_model2,Homocapsaicin,100099,-5.408,3,B,4.018189766549113,3.4749493521488968
TRPV1_model2,Homocapsaicin,100100,-5.95,6,B,4.753997160285222,3.6565991029917404
TRPV1_model2,Homodihydrocapsaicin,100001,-5.442,3,B,3.6576180773831477,2.8764076553924047
TRPV1_model2,Homodihydrocapsaicin,100002,-6.081,2,B,4.29107364187565,3.229823679397991
TRPV1_model2,Homodihydrocapsaicin,100003,-5.593,3,B,4.869342563426803,2.9880746309287534
TRPV1_model2,Homodihydrocapsaicin,100007,-5.944,2,B,4.5810873163475065,3.4239065407805835
TRPV1_model2,Homodihydrocapsaicin,100008,-5.225,1,B,4.644974703913896,3.342993119945069
TRPV1_model2,Homodihydrocapsaicin,100009,-5.87,4,B,4.468976616631602,4.625265181586899
TRPV1_model2,Homodihydrocapsaicin,100010,-5.725,4,B,4.306337422915202,3.565682543356888
TRPV1_model2,Homodihydrocapsaicin,100011,-5.447,5,B,4.6347588934053485,3.525865851106657
TRPV1_model2,Homodihydrocapsaicin,100012,-5.848,2,B,4.959271317441701,3.1400127388276746
TRPV1_model2,Homodihydrocapsaicin,100013,-5.718,1,B,4.239427909517979,3.56542592126102
TRPV1_model2,Homodihydrocapsaicin,100014,-5.884,3,B,4.8499102053543135,3.349976119317872
TRPV1_model2,Homodihydrocapsaicin,100015,-5.176,8,B,3.743812628858446,3.5669763105465115
TRPV1_model2,Homodihydrocapsaicin,100016,-6.031,4,B,3.6709434754569488,3.5047694646010576
TRPV1_model2,Homodihydrocapsaicin,100017,-5.828,1,B,4.535965277644878,3.1908401714908927
TRPV1_model2,Homodihydrocapsaicin,100018,-5.299,7,B,4.6854435222292405,3.6202917009544935
TRPV1_model2,Homodihydrocapsaicin,100019,-5.687,5,B,3.418676205784926,3.5858173405794123
TRPV1_model2,Homodihydrocapsaicin,100020,-5.186,5,B,2.903214425425716,3.6305805320912503
TRPV1_model2,Homodihydrocapsaicin,100022,-5.237,9,B,4.820454854056819,3.2468607915954837
TRPV1_model2,Homodihydrocapsaicin,100025,-6.354,2,B,4.737662292734675,3.4273730465182823
TRPV1_model2,Homodihydrocapsaicin,100026,-5.632,1,B,4.464125558270058,3.4857717940220905
TRPV1_model2,Homodihydrocapsaicin,100027,-5.264,4,B,3.681037897115432,3.755099199754924
TRPV1_model2,Homodihydrocapsaicin,100028,-6.167,3,B,4.685206719025317,3.3477018983177187
TRPV1_model2,Homodihydrocapsaicin,100029,-5.636,4,B,4.948780657899476,4.2673600738629975
TRPV1_model2,Homodihydrocapsaicin,100030,-5.743,2,B,4.929979107460793,2.759899998188347
TRPV1_model2,Homodihydrocapsaicin,100031,-6.06,2,B,3.53832234257988,3.6660039552624633
TRPV1_model2,Homodihydrocapsaicin,100033,-5.568,5,B,4.27554172006308,3.493112222646167
TRPV1_model2,Homodihydrocapsaicin,100034,-5.639,2,B,4.372127857233822,3.5292710295470364
TRPV1_model2,Homodihydrocapsaicin,100035,-5.527,5,B,4.943818969177568,3.5798656399367923
TRPV1_model2,Homodihydrocapsaicin,100036,-5.706,4,B,4.937511417708312,2.742384910985336
TRPV1_model2,Homodihydrocapsaicin,100037,-5.279,9,B,4.5733927231323594,3.417996196604084
TRPV1_model2,Homodihydrocapsaicin,100038,-5.194,7,B,4.978953906193546,3.633428958986265
TRPV1_model2,Homodihydrocapsaicin,100039,-6.151,3,B,3.5185182961013597,3.377585232085198
TRPV1_model2,Homodihydrocapsaicin,100040,-5.575,5,B,4.35163624398915,3.6268176132802794
TRPV1_model2,Homodihydrocapsaicin,100041,-6.179,3,B,4.225968646357898,3.4812886981691182
TRPV1_model2,Homodihydrocapsaicin,100042,-4.802,6,B,3.2841067278637572,3.4653678015471936
TRPV1_model2,Homodihydrocapsaicin,100043,-5.172,4,B,3.5351865580192516,3.4296250523927614
TRPV1_model2,Homodihydrocapsaicin,100044,-4.842,7,B,4.957660133571077,3.43765341475839
TRPV1_model2,Homodihydrocapsaicin,100045,-5.546,5,B,4.273739463280368,3.3815596993103685
TRPV1_model2,Homodihydrocapsaicin,100048,-5.765,1,B,4.587767866838941,3.3299635133136203
TRPV1_model2,Homodihydrocapsaicin,100049,-5.887,3,B,4.484118977012093,3.061555813634636
TRPV1_model2,Homodihydrocapsaicin,100050,-5.593,6,B,4.541181564306805,3.0868404558706963
TRPV1_model2,Homodihydrocapsaicin,100053,-5.348,2,B,4.264143290275321,4.564300384505825
TRPV1_model2,Homodihydrocapsaicin,100054,-5.71,5,B,4.00127342229945,3.4604324874211927
TRPV1_model2,Homodihydrocapsaicin,100057,-5.845,1,B,4.664097876331502,2.835794421321834
TRPV1_model2,Homodihydrocapsaicin,100058,-6.092,2,B,4.083803619176608,3.4497541941419554
TRPV1_model2,Homodihydrocapsaicin,100059,-5.482,4,B,4.713528826686008,2.949752192981637
TRPV1_model2,Homodihydrocapsaicin,100060,-6.085,2,B,4.875462439605082,2.712939549639842
TRPV1_model2,Homodihydrocapsaicin,100061,-4.968,5,B,3.4973252636836567,3.466843088459588
TRPV1_model2,Homodihydrocapsaicin,100062,-6.087,3,B,4.994843841402848,3.534350010963835
TRPV1_model2,Homodihydrocapsaicin,100063,-5.571,5,B,4.487705538468401,3.2587980913214034
TRPV1_model2,Homodihydrocapsaicin,100064,-5.82,3,B,3.303294870277257,3.6409416364451683
TRPV1_model2,Homodihydrocapsaicin,100065,-5.229,5,B,4.246906285756718,4.386916114994688
TRPV1_model2,Homodihydrocapsaicin,100066,-4.93,10,B,3.487033839812857,3.4485973960437994
TRPV1_model2,Homodihydrocapsaicin,100067,-5.936,2,B,4.592326861189213,4.246780663043488
TRPV1_model2,Homodihydrocapsaicin,100070,-5.626,2,B,4.243933199285772,3.6673937612424528
TRPV1_model2,Homodihydrocapsaicin,100071,-5.453,6,B,4.695736789897833,3.511122470094155
TRPV1_model2,Homodihydrocapsaicin,100072,-5.827,4,B,4.985098093317718,3.395692271098787
TRPV1_model2,Homodihydrocapsaicin,100073,-4.792,3,B,4.152371972740398,3.444330559049184
TRPV1_model2,Homodihydrocapsaicin,100074,-5.864,4,B,3.7447951879909245,3.502762623986962
TRPV1_model2,Homodihydrocapsaicin,100075,-6.002,3,B,4.266362502179115,3.317287144640937
TRPV1_model2,Homodihydrocapsaicin,100077,-5.77,2,B,4.441915014945694,3.239015128090647
TRPV1_model2,Homodihydrocapsaicin,100079,-5.694,8,B,3.3144691882713286,3.6951976943054134
TRPV1_model2,Homodihydrocapsaicin,100080,-5.806,8,B,4.710265491455872,2.7805447308036553
TRPV1_model2,Homodihydrocapsaicin,100081,-5.085,2,B,4.943852445209101,3.7794399055944794
TRPV1_model2,Homodihydrocapsaicin,100082,-5.814,3,B,4.657434594280411,3.3940293163141657
TRPV1_model2,Homodihydrocapsaicin,100083,-5.649,1,B,3.506221042661168,3.5304059256691827
TRPV1_model2,Homodihydrocapsaicin,100084,-5.833,7,B,4.250709234939497,3.2676396680172743
TRPV1_model2,Homodihydrocapsaicin,100085,-5.524,5,B,4.594704016582576,3.5844918747292596
TRPV1_model2,Homodihydrocapsaicin,100086,-5.959,2,B,3.529167323888176,3.5419889892544782
TRPV1_model2,Homodihydrocapsaicin,100087,-5.691,7,B,4.430123248849852,3.579157582448697
TRPV1_model2,Homodihydrocapsaicin,100088,-6.066,2,B,4.813103468657193,2.5135140739609994
TRPV1_model2,Homodihydrocapsaicin,100089,-6.014,3,B,4.480186268449107,3.5967887066103925
TRPV1_model2,Homodihydrocapsaicin,100090,-5.59,1,B,4.611255902679875,3.552404960023566
TRPV1_model2,Homodihydrocapsaicin,100091,-5.58,4,B,4.7299373145951895,2.9419634600042226
TRPV1_model2,Homodihydrocapsaicin,100092,-6.289,1,B,4.749591140298288,2.7670795073506707
TRPV1_model2,Homodihydrocapsaicin,100093,-5.669,1,B,3.923386674800229,3.4366441480025234
TRPV1_model2,Homodihydrocapsaicin,100094,-5.888,4,B,4.259903520034219,3.706603161926027
TRPV1_model2,Homodihydrocapsaicin,100095,-5.436,9,B,3.913873401120688,3.4043773292630157
TRPV1_model2,Homodihydrocapsaicin,100096,-5.11,4,B,4.585008724092017,3.3005007195878706
TRPV1_model2,Homodihydrocapsaicin,100097,-5.38,6,B,4.360205155723747,3.8421051521268934
TRPV1_model2,Homodihydrocapsaicin,100098,-5.149,9,B,4.951317602416555,3.230823114935264
TRPV1_model2,Homodihydrocapsaicin,100099,-5.578,5,B,3.397824303874467,3.53805200640126
TRPV1_model2,Homodihydrocapsaicin,100100,-5.741,1,B,4.8709675630207165,3.2596849541021733
TRPV1_model2,Nonivamide,100001,-5.278,3,B,4.617696720227516,3.506006702788811
TRPV1_model2,Nonivamide,100003,-5.273,6,B,4.76557939814248,2.979394905010079
TRPV1_model2,Nonivamide,100004,-5.006,9,B,3.679800130441868,3.322131394150452
TRPV1_model2,Nonivamide,100005,-5.605,2,B,4.456408419343989,2.6289085187583088
TRPV1_model2,Nonivamide,100006,-4.996,9,B,4.475532817441961,3.6473669955188246
TRPV1_model2,Nonivamide,100007,-5.142,1,B,3.2218161027594334,3.4996525541830663
TRPV1_model2,Nonivamide,100008,-5.696,2,B,4.720635762267621,2.943039755083172
TRPV1_model2,Nonivamide,100009,-5.591,2,B,3.3017555936198586,3.560501930908061
TRPV1_model2,Nonivamide,100011,-5.396,3,B,3.743802345210011,3.660512942198133
TRPV1_model2,Nonivamide,100012,-5.438,4,B,4.915448504460196,3.28398142503883
TRPV1_model2,Nonivamide,100013,-5.527,5,B,4.634621667407165,3.5553106755950363
TRPV1_model2,Nonivamide,100014,-5.774,2,B,4.8124228824990025,3.464358382153904
TRPV1_model2,Nonivamide,100015,-5.319,8,B,3.17799354939559,3.350650086177311
TRPV1_model2,Nonivamide,100016,-5.47,3,B,4.842293981162232,2.64218470209787
TRPV1_model2,Nonivamide,100017,-5.669,3,B,4.847887271791703,2.7469415720033075
TRPV1_model2,Nonivamide,100018,-5.373,2,B,4.86469752399879,3.496705592411246
TRPV1_model2,Nonivamide,100019,-5.801,1,B,4.899094814350907,3.136731579207891
TRPV1_model2,Nonivamide,100020,-5.627,2,B,4.232541553251426,3.107773962179357
TRPV1_model2,Nonivamide,100021,-5.717,3,B,4.075379859595914,3.5045924156740433
TRPV1_model2,Nonivamide,100022,-5.541,9,B,4.386266977738583,3.089727819727818
TRPV1_model2,Nonivamide,100023,-5.552,2,B,4.921611626286655,3.4137470615146674
TRPV1_model2,Nonivamide,100024,-5.701,3,B,4.709707952729126,3.262602948567304
TRPV1_model2,Nonivamide,100025,-5.38,3,B,4.470930999243895,3.2812872474076444
TRPV1_model2,Nonivamide,100026,-5.263,1,B,4.461535610078661,3.619635755155486
TRPV1_model2,Nonivamide,100027,-5.571,3,B,3.5056066522072866,3.652815626335399
TRPV1_model2,Nonivamide,100028,-5.3,2,B,4.185377999655461,2.991207615662948
TRPV1_model2,Nonivamide,100029,-5.29,6,B,4.758230343310426,4.32990542621892
TRPV1_model2,Nonivamide,100030,-5.615,3,B,3.2677294869679803,3.653326840018567
TRPV1_model2,Nonivamide,100031,-5.564,6,B,4.568432335057612,2.940688524818639
TRPV1_model2,Nonivamide,100032,-5.429,2,B,4.586255117195287,3.117647991675774
TRPV1_model2,Nonivamide,100033,-4.952,7,B,4.966012988303592,3.0701973877912176
TRPV1_model2,Nonivamide,100034,-5.623,8,B,4.760566037773236,3.483189773756236
TRPV1_model2,Nonivamide,100035,-5.525,2,B,4.601513881322093,3.6129392466522328
TRPV1_model2,Nonivamide,100036,-5.411,3,B,4.682933268796384,3.3183366315068112
TRPV1_model2,Nonivamide,100037,-5.909,2,B,4.86576098878685,2.881701407155154
TRPV1_model2,Nonivamide,100038,-5.369,4,B,3.356001936829003,3.6910521535193728
TRPV1_model2,Nonivamide,100039,-5.125,3,B,3.4979874213610316,3.5422216192666447
TRPV1_model2,Nonivamide,100040,-4.797,6,B,4.402904950143706,3.5988848272763607
TRPV1_model2,Nonivamide,100041,-5.654,1,B,4.594617503122537,3.1707273613478764
TRPV1_model2,Nonivamide,100042,-5.685,1,B,4.846777486124152,3.2951226077340405
TRPV1_model2,Nonivamide,100043,-5.262,4,B,4.5280496905400645,3.3416633582693533
TRPV1_model2,Nonivamide,100045,-5.034,7,B,3.8119607815401237,3.434339237757389
TRPV1_model2,Nonivamide,100048,-5.624,4,B,4.85132827172105,3.666228716269622
TRPV1_model2,Nonivamide,100049,-4.887,5,B,3.5399473159921464,3.508977201407851
TRPV1_model2,Nonivamide,100052,-5.029,10,B,3.8990605278707813,3.2867564558391065
TRPV1_model2,Nonivamide,100053,-5.24,6,B,4.743758636355771,2.992869024865621
TRPV1_model2,Nonivamide,100054,-5.821,2,B,4.913251672772322,3.279598146114859
TRPV1_model2,Nonivamide,100055,-6.284,1,B,4.785807141956306,3.119712967566101
TRPV1_model2,Nonivamide,100056,-5.587,3,B,4.5381437835308835,3.8039659567351642
TRPV1_model2,Nonivamide,100057,-5.76,3,B,4.767803792103865,3.2696622149696184
TRPV1_model2,Nonivamide,100058,-5.102,6,B,4.208934069333952,4.75711614321113
TRPV1_model2,Nonivamide,100059,-4.907,1,B,4.694675814153732,3.2594740373256617
TRPV1_model2,Nonivamide,100061,-5.299,2,B,4.733083667124414,3.377513138390439
TRPV1_model2,Nonivamide,100062,-5.677,2,B,3.2578313338784133,3.645554141690946
TRPV1_model2,Nonivamide,100064,-5.911,3,B,3.3999526467290657,3.745831549869806
TRPV1_model2,Nonivamide,100065,-5.52,4,B,4.253569442244944,3.274896639590328
TRPV1_model2,Nonivamide,100066,-5.17,4,B,4.368232709002578,3.475353938809696
TRPV1_model2,Nonivamide,100067,-5.734,2,B,4.8522034170055175,3.0795418490418434
TRPV1_model2,Nonivamide,100068,-5.044,10,B,3.6050601936722177,4.019191336575058
TRPV1_model2,Nonivamide,100070,-5.564,3,B,4.227520076829909,3.162243823616398
TRPV1_model2,Nonivamide,100073,-5.539,2,B,4.309753125180149,3.538338875800342
TRPV1_model2,Nonivamide,100074,-5.593,3,B,3.620833467587264,2.3850054507275322
TRPV1_model2,Nonivamide,100075,-5.394,3,B,4.369365743446059,2.841227903565641
TRPV1_model2,Nonivamide,100076,-5.548,3,B,4.768164112108558,3.234596729114782
TRPV1_model2,Nonivamide,100077,-5.157,4,B,3.1848645183115694,3.333422565472315
TRPV1_model2,Nonivamide,100078,-5.845,3,B,4.7541114837580265,2.8272002051499703
TRPV1_model2,Nonivamide,100079,-5.506,2,B,4.845228993556444,3.611869875839944
TRPV1_model2,Nonivamide,100080,-5.917,3,B,4.89469120578612,3.4996574118047685
TRPV1_model2,Nonivamide,100082,-5.429,3,B,4.663187000324992,3.1609748496310504
TRPV1_model2,Nonivamide,100083,-5.138,6,B,4.779439716117357,3.1987319362522446
TRPV1_model2,Nonivamide,100084,-5.81,1,B,4.770143918164318,3.497732694189202
TRPV1_model2,Nonivamide,100085,-5.547,4,B,4.500038888720848,3.364022889339492
TRPV1_model2,Nonivamide,100086,-5.346,2,B,4.06395546235438,2.1250291762703037
TRPV1_model2,Nonivamide,100087,-5.947,2,B,4.782777122133115,2.8418138573805383
TRPV1_model2,Nonivamide,100088,-5.426,2,B,4.5477010675724925,4.003272786108893
TRPV1_model2,Nonivamide,100089,-5.209,5,B,3.5455133619829953,3.6176818544476794
TRPV1_model2,Nonivamide,100090,-5.39,2,B,3.574297973029106,3.0229179611759207
TRPV1_model2,Nonivamide,100091,-5.948,1,B,4.767490429985146,3.750379847428795
TRPV1_model2,Nonivamide,100092,-5.438,1,B,4.796142095476313,3.394151734970026
TRPV1_model2,Nonivamide,100093,-5.434,4,B,4.548814570852491,3.3604097964385176
TRPV1_model2,Nonivamide,100094,-5.445,3,B,4.186134493778236,3.3888571820010327
TRPV1_model2,Nonivamide,100096,-5.576,1,B,3.432780214345213,3.8479137204464515
TRPV1_model2,Nonivamide,100097,-5.833,1,B,4.774545632832505,3.696032196829455
TRPV1_model2,Nonivamide,100099,-4.913,9,B,3.3614307965507755,3.4694757529056153
TRPV1_model2,Nordihydrocapsaicin,100001,-5.806,3,B,4.862832199449209,4.074897912831695
TRPV1_model2,Nordihydrocapsaicin,100002,-5.44,3,B,4.439312108874519,2.9982798401750412
TRPV1_model2,Nordihydrocapsaicin,100003,-6.103,1,B,4.80444762693902,2.709421709516635
TRPV1_model2,Nordihydrocapsaicin,100004,-5.584,2,B,4.51107902834787,3.7085936687644945
TRPV1_model2,Nordihydrocapsaicin,100005,-6.001,1,B,4.5038079443955,3.575745376841033
TRPV1_model2,Nordihydrocapsaicin,100007,-5.815,1,B,4.6481843767217255,3.4611028589165156
TRPV1_model2,Nordihydrocapsaicin,100008,-5.596,1,B,4.3349156854545585,3.202659519836604
TRPV1_model2,Nordihydrocapsaicin,100009,-6.004,2,B,4.724613211681982,2.8222276662239763
TRPV1_model2,Nordihydrocapsaicin,100010,-5.741,3,B,4.926438165652744,4.351581091971062
TRPV1_model2,Nordihydrocapsaicin,100011,-5.876,1,B,3.7213107905682894,3.685565492566922
TRPV1_model2,Nordihydrocapsaicin,100012,-5.859,5,B,4.219266049919107,2.836798371403931
TRPV1_model2,Nordihydrocapsaicin,100013,-5.846,4,B,4.591697398566236,4.358079967141497
TRPV1_model2,Nordihydrocapsaicin,100014,-5.289,7,B,3.33226079411561,3.5836152137192423
TRPV1_model2,Nordihydrocapsaicin,100015,-6.041,1,B,4.74056315220037,3.402730374272996
TRPV1_model2,Nordihydrocapsaicin,100016,-5.864,2,B,4.242482410099063,2.7263558095010265
TRPV1_model2,Nordihydrocapsaicin,100017,-4.691,10,B,4.038085808895095,3.080613412942293
TRPV1_model2,Nordihydrocapsaicin,100018,-5.712,2,B,4.74528397464261,3.6669487315750624
TRPV1_model2,Nordihydrocapsaicin,100019,-5.866,2,B,4.462184778782698,3.177880268355004
TRPV1_model2,Nordihydrocapsaicin,100021,-5.908,1,B,4.976503591880554,4.1280634685043305
TRPV1_model2,Nordihydrocapsaicin,100022,-5.68,4,B,4.88580822382541,3.0500891790241207
TRPV1_model2,Nordihydrocapsaicin,100023,-6.111,2,B,4.788609610314865,2.733818940603059
TRPV1_model2,Nordihydrocapsaicin,100024,-5.689,3,B,3.6559454317590627,3.895561191920878
TRPV1_model2,Nordihydrocapsaicin,100025,-6.313,1,B,4.8073282600629605,2.8299473493335654
TRPV1_model2,Nordihydrocapsaicin,100027,-5.646,2,B,4.052558327772719,3.773489896634154
TRPV1_model2,Nordihydrocapsaicin,100028,-5.979,1,B,4.7483675089445185,3.4759528190123725
TRPV1_model2,Nordihydrocapsaicin,100029,-5.635,2,B,4.139196540392834,3.241534358910918
TRPV1_model2,Nordihydrocapsaicin,100030,-5.631,2,B,3.5617977202530704,4.088639504774175
TRPV1_model2,Nordihydrocapsaicin,100031,-6.289,2,B,4.747395180517417,2.820934774148461
TRPV1_model2,Nordihydrocapsaicin,100032,-5.936,1,B,3.987522288338964,3.715788341657811
TRPV1_model2,Nordihydrocapsaicin,100033,-6.265,1,B,4.687763325936999,2.7822203363500955
TRPV1_model2,Nordihydrocapsaicin,100034,-5.891,1,B,4.755206304672805,3.6930280258887875
TRPV1_model2,Nordihydrocapsaicin,100035,-5.958,1,B,4.362203456969878,3.5487623194573086
TRPV1_model2,Nordihydrocapsaicin,100036,-5.833,1,B,4.0033047598203115,3.518907358826038
TRPV1_model2,Nordihydrocapsaicin,100037,-5.134,6,B,3.974984025125129,3.4028442515049075
TRPV1_model2,Nordihydrocapsaicin,100039,-5.763,2,B,4.139026576382415,3.2101160415162577
TRPV1_model2,Nordihydrocapsaicin,100040,-5.628,2,B,4.266428365741064,3.707953343827302
TRPV1_model2,Nordihydrocapsaicin,100041,-5.978,1,B,4.842509370150968,3.425000583941563
TRPV1_model2,Nordihydrocapsaicin,100042,-4.964,2,B,3.966104007713357,2.816969648398796
TRPV1_model2,Nordihydrocapsaicin,100044,-5.338,8,B,4.777971431475913,3.3607927636199255
TRPV1_model2,Nordihydrocapsaicin,100045,-6.165,1,B,4.45476116082557,3.607877353791287
TRPV1_model2,Nordihydrocapsaicin,100047,-5.467,5,B,4.984270157204554,3.7261877301070156
TRPV1_model2,Nordihydrocapsaicin,100048,-5.583,2,B,3.150956204075206,3.919300575357806
TRPV1_model2,Nordihydrocapsaicin,100049,-6.006,2,B,4.264241433127351,3.720571595870731
TRPV1_model2,Nordihydrocapsaicin,100050,-5.993,2,B,4.89865501949259,3.2906300308603518
TRPV1_model2,Nordihydrocapsaicin,100052,-5.509,7,B,4.365609808491821,3.3507584216114434
TRPV1_model2,Nordihydrocapsaicin,100053,-5.602,5,B,4.951600347362451,3.1117374567916225
TRPV1_model2,Nordihydrocapsaicin,100054,-6.002,1,B,4.682442311443887,3.2913459253016857
TRPV1_model2,Nordihydrocapsaicin,100055,-5.903,3,B,4.435206872289048,3.2303913075663213
TRPV1_model2,Nordihydrocapsaicin,100056,-5.748,6,B,4.740872915402814,3.1991556698604087
TRPV1_model2,Nordihydrocapsaicin,100057,-5.871,2,B,4.407029611881455,3.475582972682429
TRPV1_model2,Nordihydrocapsaicin,100058,-5.382,6,B,4.603972849615856,3.2542730371006106
TRPV1_model2,Nordihydrocapsaicin,100059,-5.159,8,B,3.9003530609420465,3.2968798886219726
TRPV1_model2,Nordihydrocapsaicin,100061,-5.487,5,B,4.867223233014892,3.3182769625213693
TRPV1_model2,Nordihydrocapsaicin,100062,-5.594,6,B,4.092151756716752,2.9496182803881577
TRPV1_model2,Nordihydrocapsaicin,100063,-5.829,4,B,4.963751504658544,4.208649308269818
TRPV1_model2,Nordihydrocapsaicin,100064,-6.025,1,B,4.621259135776734,3.3539667559473534
TRPV1_model2,Nordihydrocapsaicin,100065,-5.953,2,B,4.85337872002587,3.379150484959206
TRPV1_model2,Nordihydrocapsaicin,100067,-5.59,4,B,4.255238888711181,2.9332476881436405
TRPV1_model2,Nordihydrocapsaicin,100069,-5.47,6,B,4.2296303621002105,3.584297281197536
TRPV1_model2,Nordihydrocapsaicin,100070,-5.886,1,B,4.913977004423196,3.244580866614368
TRPV1_model2,Nordihydrocapsaicin,100071,-5.768,2,B,4.963414248277087,3.4892729901800528
TRPV1_model2,Nordihydrocapsaicin,100072,-5.948,1,B,4.748223773159807,3.422346855594858
TRPV1_model2,Nordihydrocapsaicin,100073,-5.788,2,B,4.898089627599717,3.456782752791968
TRPV1_model2,Nordihydrocapsaicin,100074,-5.674,3,B,3.8264895139017407,3.7867878208317984
TRPV1_model2,Nordihydrocapsaicin,100075,-5.798,3,B,3.2500255383612013,3.5338835577873926
TRPV1_model2,Nordihydrocapsaicin,100076,-5.816,2,B,4.5729069529129935,3.0718894836891484
TRPV1_model2,Nordihydrocapsaicin,100077,-5.113,1,B,4.254813979482535,3.857629064593957
TRPV1_model2,Nordihydrocapsaicin,100078,-5.672,3,B,4.851630344533673,3.044374648429467
TRPV1_model2,Nordihydrocapsaicin,100079,-5.435,8,B,4.679154624502162,3.282978677969139
TRPV1_model2,Nordihydrocapsaicin,100080,-5.993,1,B,4.719573179854294,3.0201690350045154
TRPV1_model2,Nordihydrocapsaicin,100081,-5.207,6,B,3.2562373992078646,3.630391438949801
TRPV1_model2,Nordihydrocapsaicin,100082,-5.711,2,B,4.75759540104032,3.984451781613126
TRPV1_model2,Nordihydrocapsaicin,100083,-5.841,2,B,3.9955074771548067,3.2874611784780137
TRPV1_model2,Nordihydrocapsaicin,100084,-6.103,3,B,4.802323708372849,3.2821628539729812
TRPV1_model2,Nordihydrocapsaicin,100085,-5.826,4,B,4.574329786974261,3.1929943626633532
TRPV1_model2,Nordihydrocapsaicin,100086,-5.493,4,B,4.842442668736509,3.2480721974734594
TRPV1_model2,Nordihydrocapsaicin,100087,-5.95,5,B,4.217469739073415,3.3132417660050164
TRPV1_model2,Nordihydrocapsaicin,100088,-5.642,2,B,4.756267759493772,3.023379731360253
TRPV1_model2,Nordihydrocapsaicin,100089,-5.812,1,B,4.6987578145718425,3.31987861223872
TRPV1_model2,Nordihydrocapsaicin,100090,-5.845,2,B,4.222074016404733,3.4586595669420905
TRPV1_model2,Nordihydrocapsaicin,100091,-6.408,1,B,4.820495928843831,2.8072101809447725
TRPV1_model2,Nordihydrocapsaicin,100092,-5.905,3,B,4.763674317163166,3.3721645867306154
TRPV1_model2,Nordihydrocapsaicin,100093,-5.378,4,B,4.830550072196737,3.5202491389104904
TRPV1_model2,Nordihydrocapsaicin,100094,-5.785,1,B,4.967201827991283,2.93495723989295
TRPV1_model2,Nordihydrocapsaicin,100095,-6.375,1,B,4.453237586296062,3.556322538803253
TRPV1_model2,Nordihydrocapsaicin,100096,-6.109,2,B,4.845479026886816,3.260073312059111
TRPV1_model2,Nordihydrocapsaicin,100097,-5.582,2,B,4.696677123243622,4.145914977420555
TRPV1_model2,Nordihydrocapsaicin,100098,-5.789,1,B,4.904479686980063,3.466897316044988
TRPV1_model2,Nordihydrocapsaicin,100099,-5.782,1,B,4.574924480251011,3.250525803620083
TRPV1_model2,Nordihydrocapsaicin,100100,-5.792,4,B,4.715228202324881,3.496502395251584
TRPV1_model2,Piperine,100006,-6.216,9,B,4.201762249342529,3.532178081580831
TRPV1_model2,Piperine,100016,-6.298,9,B,3.8182672771821493,3.6051280143706483
TRPV1_model2,Piperine,100035,-6.42,6,B,4.441065074956677,3.4919422962013535
TRPV1_model2,Piperine,100037,-6.32,10,B,4.331205259509185,3.4360129510815325
TRPV1_model2,Piperine,100055,-6.107,10,B,4.936063309966755,3.1292647698780653
TRPV1_model2,Piperine,100056,-6.282,10,B,3.7579032717727054,3.628357479631801
TRPV1_model2,Piperine,100069,-6.324,9,B,4.583192228130948,3.422607339441683
TRPV1_model2,Resiniferatoxin,100001,-5.884,5,B,4.688835249824843,3.7299672920818066
TRPV1_model2,Resiniferatoxin,100003,-6.32,3,B,3.234851155772083,3.7427648870854817
TRPV1_model2,Resiniferatoxin,100008,-5.813,9,B,4.6274592380700605,3.537375580850874
TRPV1_model2,Resiniferatoxin,100009,-6.973,5,B,4.76885028072804,3.9589667844022114
TRPV1_model2,Resiniferatoxin,100011,-6.851,3,B,3.74868016773904,4.386155833984928
TRPV1_model2,Resiniferatoxin,100013,-6.577,3,B,4.891417790375306,3.509353786667855
TRPV1_model2,Resiniferatoxin,100014,-7.217,1,B,3.1387287235439754,3.6816052205525858
TRPV1_model2,Resiniferatoxin,100021,-5.843,5,B,3.0754359040630326,3.5141139708324864
TRPV1_model2,Resiniferatoxin,100022,-6.677,2,B,4.207651601546874,3.2331566618399474
TRPV1_model2,Resiniferatoxin,100024,-6.487,1,B,3.2461609633534834,3.3787848407378753
TRPV1_model2,Resiniferatoxin,100026,-6.385,1,B,3.6597199346398086,3.3022315182312734
TRPV1_model2,Resiniferatoxin,100027,-6.49,7,B,4.728975681899832,3.734036020179778
TRPV1_model2,Resiniferatoxin,100031,-7.118,4,B,4.981918706683201,3.29148431562419
TRPV1_model2,Resiniferatoxin,100033,-6.764,3,B,4.597922248146433,3.357647539572909
TRPV1_model2,Resiniferatoxin,100035,-6.343,8,B,4.572919745632977,3.6105182453492777
TRPV1_model2,Resiniferatoxin,100036,-5.071,10,B,4.776995289928592,3.697536071494094
TRPV1_model2,Resiniferatoxin,100037,-6.928,3,B,4.520592992075257,4.168107124343143
TRPV1_model2,Resiniferatoxin,100042,-6.75,6,B,4.924600897534746,3.2208801592111485
TRPV1_model2,Resiniferatoxin,100048,-5.275,9,B,4.13368479688522,4.225014792873523
TRPV1_model2,Resiniferatoxin,100050,-5.961,2,B,4.873052739300073,3.9125840566050476
TRPV1_model2,Resiniferatoxin,100054,-6.184,1,B,4.2901854272280575,2.845707820560647
TRPV1_model2,Resiniferatoxin,100056,-5.893,5,B,4.576394869326725,3.6311861698348715
TRPV1_model2,Resiniferatoxin,100061,-5.85,5,B,4.362151877227568,3.57875425252979
TRPV1_model2,Resiniferatoxin,100062,-5.57,7,B,4.774145892198939,4.994178811376302
TRPV1_model2,Resiniferatoxin,100064,-6.326,5,B,4.819368215855681,3.450833812283628
TRPV1_model2,Resiniferatoxin,100065,-6.442,3,B,4.842834913560446,3.996772197661511
TRPV1_model2,Resiniferatoxin,100066,-6.458,4,B,4.645725131774375,3.2477832439989074
TRPV1_model2,Resiniferatoxin,100069,-6.619,4,B,4.673808404288737,4.132630881170008
TRPV1_model2,Resiniferatoxin,100070,-6.104,3,B,4.060220806803489,3.419388395605277
TRPV1_model2,Resiniferatoxin,100071,-6.534,1,B,3.675738429213915,4.210463869931684
TRPV1_model2,Resiniferatoxin,100076,-5.885,2,B,4.543982614403356,3.189020382499932
TRPV1_model2,Resiniferatoxin,100079,-6.74,4,B,3.94960453716571,3.6450145404373924
TRPV1_model2,Resiniferatoxin,100082,-6.181,5,B,4.861031783479712,4.145990110938527
TRPV1_model2,Resiniferatoxin,100084,-7.214,2,B,3.76437272330995,3.1428060710136205
TRPV1_model2,Resiniferatoxin,100085,-5.846,7,B,4.736142945477899,4.3408056855842
TRPV1_model2,Resiniferatoxin,100097,-5.417,3,B,4.601849410834728,3.9110441061179495
TRPV1_model2,Resiniferatoxin,100098,-6.453,1,B,3.5938233122956977,2.569387670243644
TRPV1_model2,Resiniferatoxin,100099,-6.63,2,B,4.447810584995723,3.3761427694930273
TRPV1_model2,Shogaol,100002,-5.154,1,B,3.701955429229265,3.745081841562352
TRPV1_model2,Shogaol,100004,-5.832,3,B,4.770553951062707,3.483021389540986
TRPV1_model2,Shogaol,100005,-5.783,3,B,4.8668223719383805,2.7857298864032067
TRPV1_model2,Shogaol,100006,-6.2,1,B,4.6514135485892885,2.7610630199254755
TRPV1_model2,Shogaol,100007,-5.726,3,B,4.890101328193519,3.046421671404009
TRPV1_model2,Shogaol,100008,-5.248,2,B,4.634330696012097,2.734851549901752
TRPV1_model2,Shogaol,100009,-5.207,8,B,4.821181909034336,3.234376910627459
TRPV1_model2,Shogaol,100010,-5.594,4,B,4.766383220010739,3.669810485570069
TRPV1_model2,Shogaol,100011,-5.366,2,B,4.627838156202087,3.2003838832240135
TRPV1_model2,Shogaol,100012,-5.886,2,B,4.77705285714947,2.8373237390188755
TRPV1_model2,Shogaol,100014,-5.239,6,B,4.602593399378229,2.4055080544450522
TRPV1_model2,Shogaol,100015,-5.556,2,B,3.356604236427048,3.575817808557927
TRPV1_model2,Shogaol,100017,-5.573,3,B,4.839304288841523,3.4963776969887057
TRPV1_model2,Shogaol,100018,-5.432,3,B,4.865099176789712,3.1311290295993817
TRPV1_model2,Shogaol,100019,-4.863,6,B,4.18497634401916,3.53411841906862
TRPV1_model2,Shogaol,100020,-5.615,3,B,4.048930105595799,2.8703701851851777
TRPV1_model2,Shogaol,100021,-5.384,7,B,3.317045824223721,3.472980564299202
TRPV1_model2,Shogaol,100022,-5.798,1,B,4.2494830273811,3.6070758239881857
TRPV1_model2,Shogaol,100023,-6.218,1,B,4.982956853114421,2.738241406450497
TRPV1_model2,Shogaol,100025,-5.246,4,B,3.8049922470354614,3.5148443777783487
TRPV1_model2,Shogaol,100026,-5.574,4,B,4.794889466922042,3.5683965586801145
TRPV1_model2,Shogaol,100028,-5.003,7,B,3.802103759762481,3.8192177209475844
TRPV1_model2,Shogaol,100031,-6.277,1,B,4.861378199646677,2.7465106954097305
TRPV1_model2,Shogaol,100033,-5.539,8,B,4.750477554941186,3.715499562642957
TRPV1_model2,Shogaol,100034,-5.537,3,B,4.111277295439944,3.5805682509903485
TRPV1_model2,Shogaol,100035,-5.518,5,B,3.5371734478252534,3.592967297374136
TRPV1_model2,Shogaol,100036,-5.611,1,B,4.673525970827588,3.673457635525429
TRPV1_model2,Shogaol,100037,-5.365,5,B,3.7830026434037816,3.332775720026775
TRPV1_model2,Shogaol,100038,-5.695,8,B,4.12415918703437,4.327022995085653
TRPV1_model2,Shogaol,100039,-5.086,1,B,3.5514377370298926,3.4503254918920376
TRPV1_model2,Shogaol,100040,-4.545,6,B,4.6327255476663005,3.4809189878536393
TRPV1_model2,Shogaol,100041,-5.283,8,B,4.490264468825854,3.2803284896485616
TRPV1_model2,Shogaol,100042,-5.111,6,B,3.5620589551550155,3.0463868762847643
TRPV1_model2,Shogaol,100043,-5.578,4,B,3.9924451154649554,3.3634828675050583
TRPV1_model2,Shogaol,100044,-5.293,3,B,4.265854427896004,3.651120512938464
TRPV1_model2,Shogaol,100045,-5.847,3,B,4.826149707582641,2.8255514506021764
TRPV1_model2,Shogaol,100046,-5.61,5,B,3.6971552577623807,3.8200662297923653
TRPV1_model2,Shogaol,100047,-5.347,5,B,4.515901238955517,2.7107956396600623
TRPV1_model2,Shogaol,100049,-6.242,1,B,4.8775217067687064,2.8544418018239583
TRPV1_model2,Shogaol,100050,-5.718,5,B,4.790074007779,3.3365714438627028
TRPV1_model2,Shogaol,100052,-6.183,1,B,4.6243479540363275,2.7362487094560772
TRPV1_model2,Shogaol,100053,-5.349,7,B,4.4782824832741355,3.342696366707573
TRPV1_model2,Shogaol,100054,-5.627,6,B,3.8272329430020364,3.6069958414170737
TRPV1_model2,Shogaol,100056,-5.636,4,B,4.399190493715864,3.863173436437991
TRPV1_model2,Shogaol,100057,-5.318,1,B,3.4382886731628504,3.4669032291080746
TRPV1_model2,Shogaol,100058,-5.81,2,B,4.285911921633475,3.536351368289079
TRPV1_model2,Shogaol,100059,-4.736,10,B,4.418111134862954,2.803014627146996
TRPV1_model2,Shogaol,100061,-5.976,2,B,4.917854003526328,2.8011313785683196
TRPV1_model2,Shogaol,100062,-6.172,1,B,4.911239863822568,3.5541351972033963
TRPV1_model2,Shogaol,100063,-5.913,3,B,4.854796597180971,3.285605728020345
TRPV1_model2,Shogaol,100064,-5.355,5,B,4.350952309552469,3.4243459229464612
TRPV1_model2,Shogaol,100066,-5.749,2,B,3.617806241356767,3.9791710191948333
TRPV1_model2,Shogaol,100067,-5.488,3,B,4.820533580424475,3.479694383131941
TRPV1_model2,Shogaol,100068,-5.779,2,B,3.5260950072282506,3.444521156851846
TRPV1_model2,Shogaol,100069,-5.088,10,B,3.725610151371177,3.7290470632589336
TRPV1_model2,Shogaol,100071,-5.781,2,B,4.197406818501157,3.3065306591652903
TRPV1_model2,Shogaol,100074,-5.271,6,B,4.010041645669034,4.071557318766371
TRPV1_model2,Shogaol,100075,-5.761,1,B,4.048215779822018,3.243199192155803
TRPV1_model2,Shogaol,100076,-5.719,2,B,4.772027346945946,3.3095079694721976
TRPV1_model2,Shogaol,100077,-5.657,4,B,4.160017427848116,4.0184447240194805
TRPV1_model2,Shogaol,100078,-5.685,1,B,4.712032682399382,3.674070494696581
TRPV1_model2,Shogaol,100080,-5.02,7,B,4.862618019133306,3.4731763560176456
TRPV1_model2,Shogaol,100081,-5.646,3,B,4.967540739641692,3.533241429622384
TRPV1_model2,Shogaol,100082,-5.448,4,B,4.609447797730222,3.503527650811393
TRPV1_model2,Shogaol,100083,-5.573,6,B,4.757794762282208,3.6017606805561204
TRPV1_model2,Shogaol,100085,-5.093,10,B,4.798530087433021,3.3814526464228405
TRPV1_model2,Shogaol,100086,-4.847,1,B,4.7747575854696604,4.458576678717105
TRPV1_model2,Shogaol,100087,-5.804,1,B,4.561659566429736,3.4147399608169304
TRPV1_model2,Shogaol,100089,-5.397,7,B,4.157792322855968,3.893846170561962
TRPV1_model2,Shogaol,100090,-5.756,4,B,4.898117291368179,3.5519850787974883
TRPV1_model2,Shogaol,100091,-5.292,10,B,4.5536153768187315,3.744129004187752
TRPV1_model2,Shogaol,100092,-6.019,1,B,4.773202907901574,3.5082460004965523
TRPV1_model2,Shogaol,100093,-5.495,5,B,4.744707999445267,2.8617304205672527
TRPV1_model2,Shogaol,100095,-5.759,3,B,3.9987634338630187,3.3536398136949703
TRPV1_model2,Shogaol,100096,-6.141,2,B,4.838251853717409,2.745135515780601
TRPV1_model2,Shogaol,100099,-6.26,1,B,4.726280673002814,2.791855834386882
TRPV1_model2,Shogaol,100100,-5.479,2,B,4.710992782843117,3.5743971519684274
TRPV1_model2,Tinyatoxin,100001,-7.0,6,B,4.7796056322671605,3.8557564757126515
TRPV1_model2,Tinyatoxin,100002,-6.261,3,B,4.754488510870544,3.549936619152528
TRPV1_model2,Tinyatoxin,100004,-7.128,3,B,4.246322644359471,3.236269611759813
TRPV1_model2,Tinyatoxin,100005,-7.452,3,B,4.652826882659609,2.918397676808289
TRPV1_model2,Tinyatoxin,100006,-7.484,2,B,3.623601109393803,3.7586307347224266
TRPV1_model2,Tinyatoxin,100007,-5.8,9,B,4.653930167073845,3.8649276836701745
TRPV1_model2,Tinyatoxin,100008,-7.402,2,B,3.720317862763881,2.6487161040775993
TRPV1_model2,Tinyatoxin,100009,-7.154,3,B,4.110417132116883,3.9446852852921053
TRPV1_model2,Tinyatoxin,100012,-6.845,1,B,4.985699649998986,3.325404336317613
TRPV1_model2,Tinyatoxin,100013,-6.89,1,B,3.0405108123471654,3.5995637235642888
TRPV1_model2,Tinyatoxin,100014,-7.187,3,B,4.5536464509226,3.4464081302132556
TRPV1_model2,Tinyatoxin,100016,-6.927,7,B,4.654233449237363,4.179716976064292
TRPV1_model2,Tinyatoxin,100017,-7.062,7,B,3.801335160177276,3.12868710484126
TRPV1_model2,Tinyatoxin,100018,-6.667,9,B,4.662114005470049,3.679927173192429
TRPV1_model2,Tinyatoxin,100019,-6.513,8,B,4.865454346718303,4.049718014874619
TRPV1_model2,Tinyatoxin,100021,-7.152,10,B,3.6832302398845487,4.10213420063265
TRPV1_model2,Tinyatoxin,100022,-7.163,4,B,3.3585523667199193,3.5923688563397937
TRPV1_model2,Tinyatoxin,100023,-5.889,7,B,3.649191417286853,2.9840410519964427
TRPV1_model2,Tinyatoxin,100024,-6.562,3,B,4.271685498722952,2.8820983675093443
TRPV1_model2,Tinyatoxin,100025,-6.254,9,B,3.601244368270498,3.4076202840105254
TRPV1_model2,Tinyatoxin,100029,-7.027,4,B,4.9476934019803505,3.8674532964213126
TRPV1_model2,Tinyatoxin,100033,-6.709,1,B,4.01447007710856,3.745456714474221
TRPV1_model2,Tinyatoxin,100034,-7.388,2,B,4.112657534976621,3.209546541179925
TRPV1_model2,Tinyatoxin,100036,-7.115,3,B,3.5972615973821,3.4405455962681306
TRPV1_model2,Tinyatoxin,100039,-7.039,3,B,4.305085945715831,3.786877473592202
TRPV1_model2,Tinyatoxin,100040,-6.854,1,B,4.9862207131253165,3.5004979645758922
TRPV1_model2,Tinyatoxin,100046,-6.563,7,B,4.851872525118522,3.5770253004416923
TRPV1_model2,Tinyatoxin,100047,-6.698,10,B,4.333298397295063,3.3230379173280706
TRPV1_model2,Tinyatoxin,100049,-7.241,3,B,4.469864651194711,3.1180958933297775
TRPV1_model2,Tinyatoxin,100050,-6.624,9,B,3.671730654609621,4.108846066719951
TRPV1_model2,Tinyatoxin,100053,-7.145,2,B,3.947583944642596,3.6170707761944647
TRPV1_model2,Tinyatoxin,100054,-6.716,1,B,4.4546189511562,3.115606040564177
TRPV1_model2,Tinyatoxin,100057,-5.738,10,B,4.619441199972135,4.8379524594605146
TRPV1_model2,Tinyatoxin,100059,-6.303,6,B,4.434450022268826,3.5579468798732865
TRPV1_model2,Tinyatoxin,100063,-5.88,3,B,4.700056701785627,3.588502891178993
TRPV1_model2,Tinyatoxin,100064,-6.439,1,B,3.5830583305327313,3.434317545015311
TRPV1_model2,Tinyatoxin,100065,-6.548,3,B,4.972826962603865,3.6992351912253487
TRPV1_model2,Tinyatoxin,100066,-6.913,2,B,4.7571443114540894,4.085029865251907
TRPV1_model2,Tinyatoxin,100067,-6.958,1,B,3.7644348845477427,3.042334136810092
TRPV1_model2,Tinyatoxin,100068,-7.5,4,B,4.479789615595796,2.474417507212556
TRPV1_model2,Tinyatoxin,100071,-5.932,6,B,4.296339139313835,2.8470999279969194
TRPV1_model2,Tinyatoxin,100076,-6.49,1,B,4.07562952192664,2.89145568874918
TRPV1_model2,Tinyatoxin,100077,-7.247,2,B,4.371899472769241,4.585431386467359
TRPV1_model2,Tinyatoxin,100081,-7.117,5,B,4.74375663372395,4.30796309176391
TRPV1_model2,Tinyatoxin,100082,-6.925,2,B,3.831716195127188,2.0918326892942476
TRPV1_model2,Tinyatoxin,100083,-6.81,3,B,4.928314316274886,4.113246163311895
TRPV1_model2,Tinyatoxin,100084,-6.382,1,B,3.9476829913254154,3.5536268796822212
TRPV1_model2,Tinyatoxin,100086,-6.363,5,B,4.716453116484885,4.338155137843738
TRPV1_model2,Tinyatoxin,100088,-6.593,6,B,4.155673711926866,3.292095077606361
TRPV1_model2,Tinyatoxin,100092,-6.877,1,B,3.855764904658992,2.231968861789972
TRPV1_model2,Tinyatoxin,100093,-6.461,3,B,4.963921332978595,3.5835800535219073
TRPV1_model2,Tinyatoxin,100094,-7.209,3,B,3.15879185765698,3.7057224666723223
TRPV1_model2,Tinyatoxin,100097,-6.161,6,B,3.806001707829358,3.3489504325982518
TRPV1_model2,Tinyatoxin,100099,-6.702,9,B,4.755204937749791,3.7008882717531555
TRPV1_model4,Capsaicin,100007,-6.092,4,B,4.591682262526444,2.4297742693509714
TRPV1_model4,Capsaicin,100010,-5.597,10,B,4.920312286837084,3.960111235811441
TRPV1_model4,Capsaicin,100013,-5.344,9,B,4.494722794566976,3.722104109237137
TRPV1_model4,Capsaicin,100019,-6.262,2,B,4.551343098471046,3.634420311411443
TRPV1_model4,Capsaicin,100020,-5.563,10,B,3.715107266284513,3.2991632272441547
TRPV1_model4,Capsaicin,100021,-5.406,6,B,4.998867971851224,3.8057359340868566
TRPV1_model4,Capsaicin,100025,-6.159,2,B,3.859640397757282,2.663217978311207
TRPV1_model4,Capsaicin,100026,-5.987,7,B,4.084223059530418,2.511625370153761
TRPV1_model4,Capsaicin,100028,-5.738,6,B,4.2840580061432405,3.319533099699418
TRPV1_model4,Capsaicin,100047,-5.79,9,B,4.200153806707559,3.7053597666083675
TRPV1_model4,Capsaicin,100050,-5.689,7,B,4.460926024941451,3.5444122220757595
TRPV1_model4,Capsaicin,100052,-5.572,6,B,4.791852564509891,2.953393471923447
TRPV1_model4,Capsaicin,100053,-5.469,8,B,4.6576407117767245,4.0644677388312545
TRPV1_model4,Capsaicin,100056,-5.835,6,B,4.73382308499166,2.429366995741903
TRPV1_model4,Capsaicin,100064,-5.267,1,B,4.891108361097722,2.550855150728872
TRPV1_model4,Capsaicin,100065,-5.971,10,B,4.594011863284642,2.282981384067776
TRPV1_model4,Capsaicin,100071,-5.945,8,B,4.172982027279774,2.7650443034425343
TRPV1_model4,Capsaicin,100074,-5.449,9,B,4.8894206200734995,3.4240363607882425
TRPV1_model4,Capsaicin,100076,-5.871,7,B,4.8509674292866585,3.175864606685878
TRPV1_model4,Capsaicin,100077,-5.611,10,B,4.216057044206111,3.483439248788486
TRPV1_model4,Capsaicin,100079,-5.561,8,B,4.67661800877515,1.8223550696831925
TRPV1_model4,Capsaicin,100083,-5.495,1,B,4.253264510937451,2.3415475651799156
TRPV1_model4,Capsaicin,100085,-5.449,5,B,4.869779974495768,2.4742887867021603
TRPV1_model4,Capsaicin,100086,-5.776,8,B,4.256689088951649,3.8280094043771613
TRPV1_model4,Capsaicin,100087,-5.093,9,B,3.9346909662640583,2.4676105851612937
TRPV1_model4,Capsaicin,100089,-5.555,1,B,4.489907125988246,2.063485885582939
TRPV1_model4,Capsaicin,100094,-5.178,10,B,3.685864077797773,3.6169198221691468
TRPV1_model4,Capsaicin,100096,-5.696,8,B,4.295850439668491,3.8810684096006396
TRPV1_model4,Dihydrocapsaicin,100003,-5.553,6,B,3.9448420754194973,3.3460032875058596
TRPV1_model4,Dihydrocapsaicin,100027,-4.858,8,B,3.7635640023785975,3.6825525115061146
TRPV1_model4,Dihydrocapsaicin,100033,-5.686,4,B,3.729337742817083,2.7710586424686174
TRPV1_model4,Dihydrocapsaicin,100037,-5.224,9,B,3.9336016575143953,4.252509141671545
TRPV1_model4,Dihydrocapsaicin,100040,-5.711,5,B,4.668078619732109,3.1269066183690275
TRPV1_model4,Dihydrocapsaicin,100045,-5.753,6,B,4.613709787145263,2.6672789505411774
TRPV1_model4,Dihydrocapsaicin,100049,-5.292,10,B,4.433779087866239,2.839464738291355
TRPV1_model4,Dihydrocapsaicin,100050,-5.751,3,B,3.8821423209357016,3.3622517752244523
TRPV1_model4,Dihydrocapsaicin,100053,-5.368,7,B,4.784415847310934,3.059005067011168
TRPV1_model4,Dihydrocapsaicin,100063,-5.62,2,B,3.7128238579280874,4.227622736243156
TRPV1_model4,Dihydrocapsaicin,100071,-4.458,10,B,4.730898223382115,3.6821685186857
TRPV1_model4,Dihydrocapsaicin,100079,-5.966,2,B,3.8737405695270777,2.4641402151663496
TRPV1_model4,Dihydrocapsaicin,100086,-4.952,10,B,4.020667357541533,3.5298661447709376
TRPV1_model4,Dihydrocapsaicin,100095,-5.798,4,B,3.9003675467832535,3.9623277249616753
TRPV1_model4,Dihydrocapsaicin,100100,-5.34,6,B,4.0443862327923075,3.994851061053466
TRPV1_model4,Gingerol,100002,-5.544,3,B,3.9512262653510475,4.512604791027018
TRPV1_model4,Gingerol,100012,-5.157,5,B,4.975994674434445,2.496286241599715
TRPV1_model4,Gingerol,100017,-5.299,9,B,4.577446995870077,4.403599550367863
TRPV1_model4,Gingerol,100023,-5.284,8,B,4.268565684161365,4.092873196178943
TRPV1_model4,Gingerol,100031,-4.95,10,B,4.608346883644936,3.7077025231266947
TRPV1_model4,Gingerol,100036,-5.483,9,B,4.3617219076873806,2.4933854495444527
TRPV1_model4,Gingerol,100039,-5.334,8,B,4.26579394720373,2.455575899865451
TRPV1_model4,Gingerol,100043,-5.368,9,B,4.3447166766085,3.598987913288961
TRPV1_model4,Gingerol,100059,-5.472,8,B,4.652664397955214,2.8676410165848814
TRPV1_model4,Gingerol,100062,-5.217,9,B,4.325628740426073,1.991705299485844
TRPV1_model4,Gingerol,100073,-5.324,6,B,4.952950837632047,2.6064613943045556
TRPV1_model4,Gingerol,100082,-5.603,6,B,4.81039759271518,2.70772413661363
TRPV1_model4,Gingerol,100094,-4.602,8,B,4.876616142367571,3.0046845092288796
TRPV1_model4,Gingerol,100095,-5.193,8,B,3.668247674299,2.6665457055899093
TRPV1_model4,Gingerol,100100,-5.131,10,B,4.856196659938724,3.2475727859433845
TRPV1_model4,Homocapsaicin,100002,-5.533,7,B,4.5941225495191125,3.6072709906520832
TRPV1_model4,Homocapsaicin,100005,-5.581,7,B,4.9237727404907785,4.289713510247505
TRPV1_model4,Homocapsaicin,100010,-5.145,10,B,4.983171179078637,4.031178859837408
TRPV1_model4,Homocapsaicin,100016,-6.116,8,B,4.441706991686871,3.7109940716740573
TRPV1_model4,Homocapsaicin,100017,-5.696,7,B,4.255464839474061,3.3632869339382876
TRPV1_model4,Homocapsaicin,100020,-5.81,4,B,4.40391394103018,2.5006127249136365
TRPV1_model4,Homocapsaicin,100024,-5.634,10,B,4.574554076628669,3.3165053897137016
TRPV1_model4,Homocapsaicin,100026,-6.225,9,B,4.189080806095771,4.23516115395861
TRPV1_model4,Homocapsaicin,100033,-4.934,10,B,4.340561023646596,4.151170196462684
TRPV1_model4,Homocapsaicin,100037,-5.724,9,B,3.4195395888920492,4.355882574174841
TRPV1_model4,Homocapsaicin,100048,-5.789,7,B,4.617675930595385,3.4484041236490848
TRPV1_model4,Homocapsaicin,100055,-6.027,10,B,4.1685011694852605,4.1205762946461855
TRPV1_model4,Homocapsaicin,100058,-5.647,8,B,3.866950607390791,3.7201380350734365
TRPV1_model4,Homocapsaicin,100060,-5.81,9,B,4.05190375009081,3.013089278464886
TRPV1_model4,Homocapsaicin,100065,-5.898,5,B,4.824271758514448,4.412085787923892
TRPV1_model4,Homocapsaicin,100067,-5.564,5,B,4.252659638391013,4.606112786287368
TRPV1_model4,Homocapsaicin,100074,-6.116,3,B,4.782225737039179,3.46376471487311
TRPV1_model4,Homocapsaicin,100079,-5.895,5,B,4.24384000640929,2.6914780326058736
TRPV1_model4,Homocapsaicin,100092,-5.045,10,B,4.576578306988753,3.473890182489946
TRPV1_model4,Homodihydrocapsaicin,100004,-5.645,6,B,3.708184056920587,3.515126882489454
TRPV1_model4,Homodihydrocapsaicin,100010,-5.674,10,B,4.88237288621015,3.876675250778697
TRPV1_model4,Homodihydrocapsaicin,100015,-5.398,6,B,4.476949072750323,2.524179272555738
TRPV1_model4,Homodihydrocapsaicin,100018,-5.356,4,B,4.43454090070212,4.778057973696005
TRPV1_model4,Homodihydrocapsaicin,100021,-5.363,5,B,3.960825545261995,2.968516296064414
TRPV1_model4,Homodihydrocapsaicin,100025,-5.891,5,B,4.996536900694323,2.1100734584369363
TRPV1_model4,Homodihydrocapsaicin,100042,-5.517,7,B,4.970734452774558,3.417119400898958
TRPV1_model4,Homodihydrocapsaicin,100044,-5.765,3,B,4.92571812023384,3.933572676333819
TRPV1_model4,Homodihydrocapsaicin,100048,-5.557,2,B,4.155072442208443,4.126110274823007
TRPV1_model4,Homodihydrocapsaicin,100051,-5.592,9,B,4.70695591651335,3.498851954570253
TRPV1_model4,Homodihydrocapsaicin,100054,-5.218,2,B,3.8066244889665626,3.6366953405530134
TRPV1_model4,Homodihydrocapsaicin,100066,-6.103,2,B,4.26298651182478,2.4483253460273624
TRPV1_model4,Homodihydrocapsaicin,100073,-5.631,9,B,4.367727441129998,3.787827477591868
TRPV1_model4,Homodihydrocapsaicin,100081,-5.009,8,B,3.7015734492239907,2.8057907976183807
TRPV1_model4,Homodihydrocapsaicin,100084,-5.782,5,B,4.153847734330185,3.752881293086684
TRPV1_model4,Homodihydrocapsaicin,100100,-5.185,4,B,4.760969754157241,2.563633944228394
TRPV1_model4,Nonivamide,100016,-5.775,3,B,4.461380615908037,2.3251660155782505
TRPV1_model4,Nonivamide,100022,-5.202,5,B,3.377609953798692,4.237786450495116
TRPV1_model4,Nonivamide,100023,-5.162,8,B,4.778941828480449,4.9984034451012525
TRPV1_model4,Nonivamide,100045,-5.06,7,B,4.701237709369732,2.750908213663263
TRPV1_model4,Nonivamide,100046,-5.298,9,B,4.625469597781392,3.9874138235202046
TRPV1_model4,Nonivamide,100067,-5.365,8,B,4.057072589934765,2.9570936745392533
TRPV1_model4,Nonivamide,100075,-5.561,5,B,4.329979676626671,2.6982561034861035
TRPV1_model4,Nonivamide,100078,-5.553,6,B,4.264797650533967,4.207257182535911
TRPV1_model4,Nonivamide,100084,-4.682,8,B,4.5725631761628,4.735958931409766
TRPV1_model4,Nonivamide,100086,-5.287,7,B,4.097851388227737,3.008633244514863
TRPV1_model4,Nonivamide,100089,-4.981,9,B,4.271734659362632,3.0504945500688834
TRPV1_model4,Nordihydrocapsaicin,100005,-5.758,4,B,4.559610728998694,3.0963457494278708
TRPV1_model4,Nordihydrocapsaicin,100006,-5.187,8,B,4.915634241885781,4.642862263733436
TRPV1_model4,Nordihydrocapsaicin,100009,-5.051,9,B,4.9418297218742815,3.224112436004679
TRPV1_model4,Nordihydrocapsaicin,100012,-5.577,8,B,4.527834581784101,3.9294723564366794
TRPV1_model4,Nordihydrocapsaicin,100020,-5.152,9,B,4.177351313930871,3.8013147725491043
TRPV1_model4,Nordihydrocapsaicin,100027,-4.974,8,B,4.259315085785501,2.8233664303451707
TRPV1_model4,Nordihydrocapsaicin,100037,-5.174,7,B,4.807423010303958,3.3136983869990395
TRPV1_model4,Nordihydrocapsaicin,100042,-4.945,9,B,3.806083814106039,3.5271832954923115
TRPV1_model4,Nordihydrocapsaicin,100045,-5.287,4,B,3.9792002965420075,2.9365731729347404
TRPV1_model4,Nordihydrocapsaicin,100048,-5.245,8,B,4.857409700653226,3.0822728626778053
TRPV1_model4,Nordihydrocapsaicin,100050,-5.564,9,B,4.774101905070725,3.1256884041759543
TRPV1_model4,Nordihydrocapsaicin,100054,-5.618,6,B,4.609087653755354,2.7777123681187814
TRPV1_model4,Nordihydrocapsaicin,100056,-5.576,8,B,4.175493384020626,3.2185889765547966
TRPV1_model4,Nordihydrocapsaicin,100058,-5.325,10,B,3.8671713176429052,4.401077595316859
TRPV1_model4,Nordihydrocapsaicin,100061,-5.457,8,B,4.838115025503217,3.9877027221196015
TRPV1_model4,Nordihydrocapsaicin,100062,-5.11,10,B,4.835923696668503,4.084953488107307
TRPV1_model4,Nordihydrocapsaicin,100063,-5.514,7,B,4.0933770898855615,4.007773696205912
TRPV1_model4,Nordihydrocapsaicin,100065,-5.246,10,B,3.9643797749458822,3.3514823585989504
TRPV1_model4,Nordihydrocapsaicin,100075,-5.368,8,B,4.882024682444773,3.2313602398989856
TRPV1_model4,Nordihydrocapsaicin,100079,-5.481,6,B,4.9930360503405185,3.6649252379823527
TRPV1_model4,Nordihydrocapsaicin,100084,-5.532,4,B,4.170370007565274,3.2351037077658042
TRPV1_model4,Nordihydrocapsaicin,100086,-5.605,6,B,4.395409082212942,3.6373759772671272
TRPV1_model4,Nordihydrocapsaicin,100095,-5.451,6,B,3.93288214926407,3.978406716262179
TRPV1_model4,Resiniferatoxin,100003,-6.169,6,B,4.63341839250461,3.375780502343124
TRPV1_model4,Resiniferatoxin,100004,-5.591,4,B,4.802319751953219,4.793151468501709
TRPV1_model4,Resiniferatoxin,100011,-5.277,6,B,4.592514017398309,4.6838083863454525
TRPV1_model4,Resiniferatoxin,100015,-6.354,5,B,4.712209460539726,4.908422659062687
TRPV1_model4,Resiniferatoxin,100017,-5.989,10,B,4.509476798920247,2.897703918622461
TRPV1_model4,Resiniferatoxin,100022,-6.074,3,B,3.970315982387289,2.8138686891893157
TRPV1_model4,Resiniferatoxin,100024,-6.653,4,B,4.75306953452187,3.238871871500938
TRPV1_model4,Resiniferatoxin,100025,-5.361,2,B,4.8496672050770675,4.107920276733708
TRPV1_model4,Resiniferatoxin,100031,-6.442,2,B,4.675749993316584,4.138214711684251
TRPV1_model4,Resiniferatoxin,100032,-6.201,8,B,4.885855196380665,3.811381901620466
TRPV1_model4,Resiniferatoxin,100033,-6.025,7,B,4.930181436823607,4.802653953805132
TRPV1_model4,Resiniferatoxin,100034,-5.154,6,B,4.955213617998724,4.380728021687725
TRPV1_model4,Resiniferatoxin,100040,-6.883,2,B,4.913624426022002,3.760596894111358
TRPV1_model4,Resiniferatoxin,100041,-5.263,9,B,3.8314670819413257,3.913419604386938
TRPV1_model4,Resiniferatoxin,100042,-4.712,8,B,4.729072424905336,4.037951584652794
TRPV1_model4,Resiniferatoxin,100044,-6.346,4,B,4.16751460705299,4.394383233173924
TRPV1_model4,Resiniferatoxin,100052,-6.985,2,B,4.21687016636747,4.145320373626145
TRPV1_model4,Resiniferatoxin,100055,-5.634,1,B,4.768485189239874,3.6503835414926007
TRPV1_model4,Resiniferatoxin,100062,-6.699,2,B,4.941412146340362,3.1088637795825007
TRPV1_model4,Resiniferatoxin,100066,-4.219,10,B,4.836436911611695,4.59592547807294
TRPV1_model4,Resiniferatoxin,100073,-6.641,1,B,4.971984412686749,3.312939027510173
TRPV1_model4,Resiniferatoxin,100081,-6.672,1,B,4.8463838065097615,3.768168387957209
TRPV1_model4,Resiniferatoxin,100083,-6.409,3,B,4.975325215500998,3.6899372623393
TRPV1_model4,Resiniferatoxin,100090,-6.169,10,B,4.267697388522298,4.139055085402953
TRPV1_model4,Resiniferatoxin,100092,-5.951,6,B,4.469033564429781,2.732662803933187
TRPV1_model4,Shogaol,100008,-5.329,7,B,4.754842794457038,4.29474213428466
TRPV1_model4,Shogaol,100009,-4.827,8,B,3.7450299064226478,4.309172310316683
TRPV1_model4,Shogaol,100012,-5.304,8,B,4.549146953001188,4.7150001060445375
TRPV1_model4,Shogaol,100017,-5.289,8,B,4.253608115470911,4.065222749124589
TRPV1_model4,Shogaol,100020,-5.219,6,B,4.000915895142014,3.7856152736378292
TRPV1_model4,Shogaol,100023,-5.414,8,B,4.948891896172319,2.898284665107969
TRPV1_model4,Shogaol,100029,-5.48,8,B,4.530580536752432,3.0844255542969456
TRPV1_model4,Shogaol,100030,-5.872,2,B,4.247607326483935,2.957982758570447
TRPV1_model4,Shogaol,100032,-5.105,6,B,4.918672280199206,3.4313905344626723
TRPV1_model4,Shogaol,100036,-5.304,7,B,4.087871084072977,2.9345837865019293
TRPV1_model4,Shogaol,100038,-5.857,3,B,3.8592083385067415,3.7438916918094796
TRPV1_model4,Shogaol,100048,-4.57,3,B,3.7088765145256617,2.1506766377119533
TRPV1_model4,Shogaol,100049,-5.654,2,B,4.984346797725852,2.8099864768357894
TRPV1_model4,Shogaol,100057,-5.449,7,B,4.610038611551972,3.2865582301246477
TRPV1_model4,Shogaol,100058,-4.913,6,B,4.214767965143515,4.0341824450562465
TRPV1_model4,Shogaol,100073,-5.114,8,B,3.6807192231953794,3.391922905963529
TRPV1_model4,Shogaol,100074,-5.559,10,B,3.85545198387945,3.5141885265306945
TRPV1_model4,Shogaol,100083,-5.333,7,B,4.325305307143071,2.687661064941045
TRPV1_model4,Shogaol,100084,-5.526,2,B,4.578321526498546,3.4484682106697777
TRPV1_model4,Shogaol,100095,-5.415,10,B,4.830541274018888,3.9249114639695972
TRPV1_model4,Tinyatoxin,100001,-7.395,1,B,4.900249075302194,3.501547800616172
TRPV1_model4,Tinyatoxin,100005,-6.63,7,B,4.634848864849859,3.1582058197654
TRPV1_model4,Tinyatoxin,100014,-6.728,8,B,4.455943222259457,3.687059261796593
TRPV1_model4,Tinyatoxin,100017,-6.0,5,B,4.890189157895633,3.314382295390804
TRPV1_model4,Tinyatoxin,100027,-5.613,7,B,4.826293505372419,4.145564617757154
TRPV1_model4,Tinyatoxin,100041,-7.366,2,B,4.946434877768032,3.551946649374118
TRPV1_model4,Tinyatoxin,100053,-6.645,5,B,4.636873623466567,3.4338907961669363
TRPV1_model4,Tinyatoxin,100060,-6.923,4,B,4.84366039271954,3.8225208959533505
TRPV1_model4,Tinyatoxin,100061,-5.83,9,B,4.9742110932287575,3.698778311821353
TRPV1_model4,Tinyatoxin,100062,-6.497,6,B,4.633124431741502,4.082619257290606
TRPV1_model4,Tinyatoxin,100067,-5.342,7,B,3.874474157869683,3.6364341049990108
TRPV1_model4,Tinyatoxin,100068,-5.31,6,B,4.8495002835343834,4.220425807901382
TRPV1_model4,Tinyatoxin,100075,-6.504,8,B,4.768129822058118,3.7362608313660357
TRPV1_model4,Tinyatoxin,100085,-5.772,5,B,4.447465457988403,3.1990439196734983
TRPV1_model4,Tinyatoxin,100094,-6.472,2,B,4.896841839389953,3.5473375931816795
TRPV1_model4,Tinyatoxin,100095,-6.195,4,B,4.669402317213634,3.535325303278329
